Date,Open,High,Low,Close,Volume,Dividends,Stock Splits
2019-03-18 00:00:00-04:00,250.0,250.0,250.0,250.0,455,0.0,0.0
2019-03-19 00:00:00-04:00,270.2799987792969,270.2799987792969,270.2799987792969,270.2799987792969,5,0.0,0.0
2019-03-20 00:00:00-04:00,270.2799987792969,270.2799987792969,270.2799987792969,270.2799987792969,0,0.0,0.0
2019-03-21 00:00:00-04:00,276.20001220703125,276.20001220703125,276.20001220703125,276.20001220703125,10,0.0,0.0
2019-03-22 00:00:00-04:00,289.9200134277344,289.9200134277344,289.9200134277344,289.9200134277344,20,0.0,0.0
2019-03-25 00:00:00-04:00,303.79998779296875,389.0,303.79998779296875,380.0,30,0.0,0.0
2019-03-26 00:00:00-04:00,417.6000061035156,420.6000061035156,417.6000061035156,420.6000061035156,20,0.0,0.0
2019-03-27 00:00:00-04:00,420.6000061035156,420.6000061035156,420.6000061035156,420.6000061035156,5,0.0,0.0
2019-03-28 00:00:00-04:00,420.6000061035156,420.6000061035156,420.6000061035156,420.6000061035156,5,0.0,0.0
2019-03-29 00:00:00-04:00,420.6000061035156,420.6000061035156,420.6000061035156,420.6000061035156,0,0.0,0.0
2019-04-01 00:00:00-04:00,457.0,457.0,457.0,457.0,35,0.0,0.0
2019-04-02 00:00:00-04:00,390.3999938964844,420.0,278.0,289.79998779296875,16790,0.0,0.0
2019-04-03 00:00:00-04:00,292.79998779296875,359.3999938964844,288.0,359.3999938964844,21585,0.0,0.0
2019-04-04 00:00:00-04:00,365.6000061035156,386.9200134277344,321.3999938964844,344.6000061035156,14380,0.0,0.0
2019-04-05 00:00:00-04:00,350.0,362.5,291.8999938964844,325.3999938964844,34805,0.0,0.0
2019-04-08 00:00:00-04:00,325.3999938964844,337.6000061035156,303.20001220703125,331.0,48395,0.0,0.0
2019-04-09 00:00:00-04:00,321.20001220703125,365.79998779296875,321.20001220703125,358.0,24075,0.0,0.0
2019-04-10 00:00:00-04:00,392.79998779296875,392.79998779296875,350.20001220703125,369.20001220703125,26870,0.0,0.0
2019-04-11 00:00:00-04:00,376.6000061035156,393.20001220703125,350.79998779296875,362.3999938964844,15630,0.0,0.0
2019-04-12 00:00:00-04:00,357.3999938964844,397.79998779296875,352.3999938964844,365.79998779296875,15500,0.0,0.0
2019-04-15 00:00:00-04:00,360.0,377.3999938964844,341.6000061035156,352.79998779296875,16555,0.0,0.0
2019-04-16 00:00:00-04:00,358.0,372.3999938964844,316.3999938964844,340.20001220703125,3855,0.0,0.0
2019-04-17 00:00:00-04:00,343.79998779296875,366.20001220703125,321.3999938964844,324.6000061035156,6325,0.0,0.0
2019-04-18 00:00:00-04:00,324.79998779296875,339.70001220703125,300.20001220703125,311.20001220703125,6920,0.0,0.0
2019-04-22 00:00:00-04:00,315.0,323.6000061035156,305.0,311.20001220703125,3830,0.0,0.0
2019-04-23 00:00:00-04:00,310.79998779296875,318.3999938964844,305.0,309.79998779296875,8810,0.0,0.0
2019-04-24 00:00:00-04:00,311.6000061035156,348.29998779296875,307.29998779296875,310.20001220703125,5945,0.0,0.0
2019-04-25 00:00:00-04:00,308.6000061035156,316.3999938964844,304.70001220703125,308.6000061035156,4375,0.0,0.0
2019-04-26 00:00:00-04:00,308.3999938964844,330.0,305.1000061035156,310.0,3325,0.0,0.0
2019-04-29 00:00:00-04:00,312.20001220703125,315.20001220703125,305.0,308.0,2300,0.0,0.0
2019-04-30 00:00:00-04:00,307.0,316.6000061035156,300.79998779296875,304.6000061035156,9395,0.0,0.0
2019-05-01 00:00:00-04:00,306.3999938964844,314.6000061035156,302.3999938964844,304.0,10520,0.0,0.0
2019-05-02 00:00:00-04:00,304.20001220703125,311.0,301.6000061035156,306.0,4235,0.0,0.0
2019-05-03 00:00:00-04:00,309.0,336.3599853515625,302.0,306.0,4170,0.0,0.0
2019-05-06 00:00:00-04:00,304.0,343.79998779296875,304.0,332.20001220703125,2665,0.0,0.0
2019-05-07 00:00:00-04:00,328.3999938964844,328.3999938964844,302.20001220703125,306.79998779296875,4615,0.0,0.0
2019-05-08 00:00:00-04:00,307.6000061035156,337.6000061035156,306.20001220703125,317.20001220703125,5615,0.0,0.0
2019-05-09 00:00:00-04:00,316.0,326.79998779296875,302.6000061035156,324.6000061035156,5275,0.0,0.0
2019-05-10 00:00:00-04:00,320.0,349.20001220703125,312.0,332.79998779296875,5975,0.0,0.0
2019-05-13 00:00:00-04:00,313.20001220703125,313.79998779296875,295.0,301.6000061035156,3565,0.0,0.0
2019-05-14 00:00:00-04:00,297.20001220703125,302.6000061035156,293.79998779296875,295.3999938964844,7140,0.0,0.0
2019-05-15 00:00:00-04:00,293.6000061035156,297.20001220703125,269.8999938964844,286.3999938964844,13890,0.0,0.0
2019-05-16 00:00:00-04:00,288.6000061035156,302.3999938964844,282.79998779296875,294.20001220703125,12365,0.0,0.0
2019-05-17 00:00:00-04:00,290.3999938964844,299.6000061035156,285.3999938964844,292.20001220703125,4845,0.0,0.0
2019-05-20 00:00:00-04:00,289.3999938964844,306.20001220703125,289.3999938964844,294.3999938964844,6285,0.0,0.0
2019-05-21 00:00:00-04:00,298.79998779296875,314.6000061035156,291.79998779296875,306.20001220703125,12890,0.0,0.0
2019-05-22 00:00:00-04:00,306.0,310.20001220703125,300.29998779296875,306.6000061035156,6250,0.0,0.0
2019-05-23 00:00:00-04:00,303.0,311.20001220703125,296.6000061035156,301.20001220703125,4915,0.0,0.0
2019-05-24 00:00:00-04:00,296.0,308.6000061035156,296.0,303.0,3130,0.0,0.0
2019-05-28 00:00:00-04:00,305.0,306.79998779296875,293.20001220703125,300.0,10685,0.0,0.0
2019-05-29 00:00:00-04:00,296.79998779296875,303.0,269.20001220703125,280.0,6490,0.0,0.0
2019-05-30 00:00:00-04:00,278.6000061035156,291.20001220703125,249.39999389648438,268.79998779296875,8225,0.0,0.0
2019-05-31 00:00:00-04:00,263.6000061035156,285.79998779296875,263.6000061035156,279.0,3880,0.0,0.0
2019-06-03 00:00:00-04:00,278.6000061035156,279.3999938964844,223.39999389648438,226.8000030517578,10675,0.0,0.0
2019-06-04 00:00:00-04:00,233.0,238.17999267578125,219.1999969482422,226.0,5940,0.0,0.0
2019-06-05 00:00:00-04:00,225.60000610351562,232.8000030517578,205.3000030517578,211.0,30320,0.0,0.0
2019-06-06 00:00:00-04:00,211.60000610351562,237.39999389648438,211.60000610351562,224.39999389648438,3800,0.0,0.0
2019-06-07 00:00:00-04:00,225.0,234.1999969482422,200.0,202.39999389648438,6850,0.0,0.0
2019-06-10 00:00:00-04:00,204.0,212.60000610351562,196.8000030517578,197.60000610351562,6215,0.0,0.0
2019-06-11 00:00:00-04:00,198.1999969482422,211.39999389648438,188.39999389648438,193.8000030517578,7480,0.0,0.0
2019-06-12 00:00:00-04:00,194.1999969482422,208.0,184.0,195.39999389648438,8050,0.0,0.0
2019-06-13 00:00:00-04:00,196.39999389648438,208.8000030517578,182.0,192.0,9380,0.0,0.0
2019-06-14 00:00:00-04:00,189.5,204.10000610351562,187.0,195.60000610351562,12310,0.0,0.0
2019-06-17 00:00:00-04:00,193.39999389648438,215.8000030517578,181.1999969482422,215.1999969482422,9015,0.0,0.0
2019-06-18 00:00:00-04:00,217.0,231.39999389648438,215.3000030517578,229.8000030517578,5580,0.0,0.0
2019-06-19 00:00:00-04:00,228.8000030517578,238.94000244140625,221.1999969482422,229.1999969482422,5245,0.0,0.0
2019-06-20 00:00:00-04:00,232.39999389648438,241.8000030517578,227.0,233.8000030517578,7310,0.0,0.0
2019-06-21 00:00:00-04:00,233.0,244.60000610351562,212.60000610351562,222.39999389648438,38770,0.0,0.0
2019-06-24 00:00:00-04:00,225.1999969482422,238.1999969482422,209.89999389648438,215.60000610351562,9650,0.0,0.0
2019-06-25 00:00:00-04:00,218.39999389648438,240.10000610351562,211.0,225.0,6925,0.0,0.0
2019-06-26 00:00:00-04:00,225.0,229.0,215.3000030517578,222.0,8330,0.0,0.0
2019-06-27 00:00:00-04:00,223.1999969482422,234.39999389648438,223.1999969482422,224.0,9480,0.0,0.0
2019-06-28 00:00:00-04:00,225.60000610351562,232.60000610351562,220.1999969482422,229.0,83720,0.0,0.0
2019-07-01 00:00:00-04:00,232.8000030517578,248.39999389648438,225.60000610351562,232.8000030517578,10950,0.0,0.0
2019-07-02 00:00:00-04:00,232.39999389648438,241.8000030517578,227.1199951171875,240.8000030517578,9835,0.0,0.0
2019-07-03 00:00:00-04:00,240.0,243.60000610351562,232.8000030517578,243.60000610351562,5700,0.0,0.0
2019-07-05 00:00:00-04:00,240.8000030517578,246.39999389648438,240.0,243.0,4405,0.0,0.0
2019-07-08 00:00:00-04:00,241.0,244.8000030517578,234.39999389648438,239.60000610351562,12850,0.0,0.0
2019-07-09 00:00:00-04:00,237.0,244.0,236.39999389648438,240.0,3435,0.0,0.0
2019-07-10 00:00:00-04:00,241.39999389648438,248.39999389648438,238.8000030517578,241.39999389648438,4285,0.0,0.0
2019-07-11 00:00:00-04:00,241.8000030517578,249.8000030517578,239.6999969482422,244.1999969482422,8405,0.0,0.0
2019-07-12 00:00:00-04:00,245.0,254.60000610351562,241.60000610351562,249.39999389648438,7905,0.0,0.0
2019-07-15 00:00:00-04:00,250.0,257.20001220703125,244.60000610351562,248.39999389648438,4405,0.0,0.0
2019-07-16 00:00:00-04:00,246.39999389648438,248.8000030517578,236.24000549316406,244.8000030517578,4455,0.0,0.0
2019-07-17 00:00:00-04:00,244.8000030517578,249.60000610351562,233.0,238.0,4650,0.0,0.0
2019-07-18 00:00:00-04:00,238.60000610351562,241.0,234.39999389648438,238.0,8755,0.0,0.0
2019-07-19 00:00:00-04:00,237.1999969482422,248.3000030517578,235.0,239.60000610351562,6335,0.0,0.0
2019-07-22 00:00:00-04:00,237.60000610351562,245.0,237.60000610351562,241.1999969482422,2925,0.0,0.0
2019-07-23 00:00:00-04:00,240.39999389648438,246.60000610351562,233.02000427246094,241.39999389648438,2730,0.0,0.0
2019-07-24 00:00:00-04:00,240.60000610351562,244.1999969482422,225.39999389648438,228.39999389648438,10425,0.0,0.0
2019-07-25 00:00:00-04:00,230.0,235.0,210.5,211.8000030517578,5630,0.0,0.0
2019-07-26 00:00:00-04:00,213.60000610351562,217.1999969482422,194.39999389648438,195.39999389648438,5470,0.0,0.0
2019-07-29 00:00:00-04:00,195.8000030517578,202.0,190.10000610351562,193.39999389648438,3220,0.0,0.0
2019-07-30 00:00:00-04:00,191.0,205.0,187.1999969482422,193.0,3905,0.0,0.0
2019-07-31 00:00:00-04:00,191.39999389648438,204.60000610351562,182.39999389648438,185.8000030517578,8385,0.0,0.0
2019-08-01 00:00:00-04:00,184.60000610351562,197.1999969482422,182.0,184.0,4265,0.0,0.0
2019-08-02 00:00:00-04:00,182.0,182.0,167.8000030517578,176.1999969482422,3435,0.0,0.0
2019-08-05 00:00:00-04:00,174.1999969482422,189.39999389648438,162.8000030517578,164.1999969482422,2025,0.0,0.0
2019-08-06 00:00:00-04:00,165.60000610351562,178.0,165.39999389648438,171.8000030517578,2635,0.0,0.0
2019-08-07 00:00:00-04:00,171.60000610351562,186.8000030517578,168.1999969482422,169.39999389648438,1705,0.0,0.0
2019-08-08 00:00:00-04:00,171.39999389648438,177.39999389648438,165.39999389648438,168.1999969482422,4720,0.0,0.0
2019-08-09 00:00:00-04:00,167.60000610351562,182.5,167.60000610351562,176.0,2730,0.0,0.0
2019-08-12 00:00:00-04:00,167.39999389648438,178.1999969482422,165.1999969482422,166.39999389648438,2485,0.0,0.0
2019-08-13 00:00:00-04:00,166.60000610351562,179.17999267578125,166.60000610351562,171.1999969482422,2125,0.0,0.0
2019-08-14 00:00:00-04:00,167.1999969482422,170.60000610351562,163.0,167.0,2365,0.0,0.0
2019-08-15 00:00:00-04:00,166.39999389648438,170.10000610351562,156.60000610351562,162.39999389648438,1785,0.0,0.0
2019-08-16 00:00:00-04:00,162.8000030517578,181.39999389648438,162.8000030517578,177.0,5860,0.0,0.0
2019-08-19 00:00:00-04:00,181.8000030517578,181.8000030517578,166.39999389648438,178.60000610351562,4600,0.0,0.0
2019-08-20 00:00:00-04:00,178.60000610351562,183.60000610351562,168.60000610351562,177.0,35635,0.0,0.0
2019-08-21 00:00:00-04:00,178.39999389648438,219.1999969482422,165.60000610351562,197.1999969482422,5530,0.0,0.0
2019-08-22 00:00:00-04:00,196.39999389648438,204.60000610351562,180.39999389648438,183.1999969482422,3240,0.0,0.0
2019-08-23 00:00:00-04:00,182.0,192.8000030517578,168.3000030517578,176.60000610351562,2035,0.0,0.0
2019-08-26 00:00:00-04:00,177.8000030517578,182.0,176.1999969482422,177.60000610351562,3575,0.0,0.0
2019-08-27 00:00:00-04:00,179.1999969482422,205.8000030517578,174.1999969482422,175.8000030517578,3075,0.0,0.0
2019-08-28 00:00:00-04:00,174.1999969482422,185.39999389648438,166.1999969482422,182.8000030517578,5590,0.0,0.0
2019-08-29 00:00:00-04:00,184.60000610351562,201.1999969482422,184.60000610351562,198.60000610351562,3295,0.0,0.0
2019-08-30 00:00:00-04:00,198.39999389648438,199.39999389648438,188.0,190.1999969482422,1440,0.0,0.0
2019-09-03 00:00:00-04:00,189.1999969482422,195.1999969482422,183.0,190.0,4500,0.0,0.0
2019-09-04 00:00:00-04:00,194.39999389648438,201.39999389648438,185.60000610351562,194.1999969482422,3430,0.0,0.0
2019-09-05 00:00:00-04:00,198.0,219.39999389648438,189.10000610351562,198.8000030517578,5515,0.0,0.0
2019-09-06 00:00:00-04:00,202.1999969482422,213.0,197.1999969482422,202.0,5250,0.0,0.0
2019-09-09 00:00:00-04:00,203.1999969482422,220.0,195.3000030517578,209.0,1900,0.0,0.0
2019-09-10 00:00:00-04:00,211.0,222.8000030517578,209.0,213.60000610351562,5825,0.0,0.0
2019-09-11 00:00:00-04:00,214.1999969482422,223.60000610351562,209.0,213.0,6755,0.0,0.0
2019-09-12 00:00:00-04:00,214.1999969482422,244.60000610351562,213.8000030517578,222.0,9055,0.0,0.0
2019-09-13 00:00:00-04:00,225.1999969482422,237.3000030517578,222.8000030517578,222.8000030517578,4365,0.0,0.0
2019-09-16 00:00:00-04:00,219.1999969482422,248.0,219.1999969482422,246.0,3830,0.0,0.0
2019-09-17 00:00:00-04:00,247.0,286.3999938964844,247.0,278.0,8445,0.0,0.0
2019-09-18 00:00:00-04:00,282.0,290.0,270.3999938964844,272.6000061035156,5245,0.0,0.0
2019-09-19 00:00:00-04:00,272.0,286.6000061035156,248.1999969482422,278.0,6405,0.0,0.0
2019-09-20 00:00:00-04:00,278.0,296.6000061035156,272.79998779296875,290.79998779296875,13645,0.0,0.0
2019-09-23 00:00:00-04:00,288.79998779296875,290.70001220703125,274.79998779296875,280.6000061035156,3915,0.0,0.0
2019-09-24 00:00:00-04:00,278.6000061035156,288.3999938964844,273.79998779296875,281.6000061035156,3830,0.0,0.0
2019-09-25 00:00:00-04:00,280.6000061035156,289.5199890136719,276.79998779296875,279.79998779296875,5670,0.0,0.0
2019-09-26 00:00:00-04:00,279.6000061035156,287.20001220703125,274.79998779296875,278.6000061035156,6105,0.0,0.0
2019-09-27 00:00:00-04:00,280.3999938964844,284.3999938964844,263.0,265.0,4540,0.0,0.0
2019-09-30 00:00:00-04:00,264.3999938964844,275.0,242.0,242.39999389648438,4350,0.0,0.0
2019-10-01 00:00:00-04:00,246.1999969482422,247.1999969482422,199.39999389648438,202.39999389648438,4530,0.0,0.0
2019-10-02 00:00:00-04:00,199.8000030517578,200.39999389648438,181.8000030517578,187.0,2855,0.0,0.0
2019-10-03 00:00:00-04:00,187.0,196.3800048828125,176.8000030517578,188.8000030517578,6735,0.0,0.0
2019-10-04 00:00:00-04:00,187.1999969482422,191.1999969482422,168.39999389648438,174.39999389648438,4305,0.0,0.0
2019-10-07 00:00:00-04:00,173.8000030517578,191.39999389648438,173.0,173.0,2155,0.0,0.0
2019-10-08 00:00:00-04:00,173.0,190.39999389648438,161.1999969482422,167.60000610351562,2780,0.0,0.0
2019-10-09 00:00:00-04:00,169.39999389648438,185.8000030517578,166.89999389648438,175.8000030517578,3835,0.0,0.0
2019-10-10 00:00:00-04:00,177.0,177.8000030517578,162.0,169.39999389648438,1740,0.0,0.0
2019-10-11 00:00:00-04:00,173.0,186.60000610351562,164.1999969482422,173.39999389648438,2995,0.0,0.0
2019-10-14 00:00:00-04:00,172.8000030517578,190.0,172.8000030517578,180.1999969482422,2005,0.0,0.0
2019-10-15 00:00:00-04:00,181.1999969482422,195.8000030517578,162.0,194.0,2215,0.0,0.0
2019-10-16 00:00:00-04:00,193.1999969482422,201.60000610351562,189.6999969482422,193.0,3165,0.0,0.0
2019-10-17 00:00:00-04:00,194.8000030517578,216.60000610351562,194.8000030517578,206.0,2165,0.0,0.0
2019-10-18 00:00:00-04:00,204.8000030517578,204.8000030517578,184.60000610351562,190.8000030517578,2130,0.0,0.0
2019-10-21 00:00:00-04:00,193.8000030517578,221.8000030517578,193.8000030517578,217.39999389648438,1730,0.0,0.0
2019-10-22 00:00:00-04:00,217.60000610351562,229.8000030517578,214.39999389648438,223.39999389648438,3380,0.0,0.0
2019-10-23 00:00:00-04:00,222.8000030517578,230.1999969482422,216.6999969482422,219.1999969482422,3750,0.0,0.0
2019-10-24 00:00:00-04:00,220.39999389648438,227.0,210.39999389648438,213.0,5045,0.0,0.0
2019-10-25 00:00:00-04:00,213.60000610351562,228.8000030517578,197.39999389648438,219.1999969482422,7570,0.0,0.0
2019-10-28 00:00:00-04:00,220.0,226.1999969482422,208.0,219.8000030517578,3720,0.0,0.0
2019-10-29 00:00:00-04:00,217.0,295.3999938964844,217.0,268.6000061035156,6570,0.0,0.0
2019-10-30 00:00:00-04:00,72.19999694824219,72.19999694824219,53.20000076293945,55.0,335640,0.0,0.0
2019-10-31 00:00:00-04:00,57.0,57.400001525878906,46.599998474121094,47.79999923706055,135020,0.0,0.0
2019-11-01 00:00:00-04:00,48.599998474121094,51.900001525878906,46.79999923706055,49.0,77735,0.0,0.0
2019-11-04 00:00:00-05:00,49.79999923706055,52.0,46.79999923706055,49.0,59285,0.0,0.0
2019-11-05 00:00:00-05:00,48.400001525878906,49.79999923706055,45.400001525878906,46.0,45090,0.0,0.0
2019-11-06 00:00:00-05:00,45.599998474121094,45.97999954223633,40.599998474121094,42.20000076293945,45450,0.0,0.0
2019-11-07 00:00:00-05:00,41.79999923706055,45.0,41.20000076293945,42.400001525878906,19815,0.0,0.0
2019-11-08 00:00:00-05:00,41.0,42.599998474121094,37.400001525878906,38.0,82540,0.0,0.0
2019-11-11 00:00:00-05:00,38.0,41.599998474121094,35.0,41.20000076293945,39665,0.0,0.0
2019-11-12 00:00:00-05:00,40.400001525878906,43.400001525878906,38.20000076293945,39.599998474121094,57470,0.0,0.0
2019-11-13 00:00:00-05:00,39.0,42.79999923706055,36.20000076293945,38.79999923706055,45495,0.0,0.0
2019-11-14 00:00:00-05:00,38.79999923706055,39.400001525878906,35.79999923706055,36.400001525878906,33060,0.0,0.0
2019-11-15 00:00:00-05:00,36.79999923706055,37.599998474121094,35.599998474121094,36.0,29160,0.0,0.0
2019-11-18 00:00:00-05:00,36.18000030517578,37.0,33.79999923706055,36.400001525878906,46085,0.0,0.0
2019-11-19 00:00:00-05:00,36.79999923706055,42.599998474121094,35.79999923706055,40.0,82270,0.0,0.0
2019-11-20 00:00:00-05:00,41.20000076293945,44.79999923706055,38.599998474121094,39.599998474121094,48575,0.0,0.0
2019-11-21 00:00:00-05:00,40.599998474121094,43.20000076293945,38.79999923706055,42.599998474121094,33905,0.0,0.0
2019-11-22 00:00:00-05:00,43.0,44.0,40.0,40.20000076293945,27610,0.0,0.0
2019-11-25 00:00:00-05:00,40.400001525878906,40.79999923706055,39.0,39.400001525878906,27780,0.0,0.0
2019-11-26 00:00:00-05:00,39.599998474121094,40.20000076293945,36.20000076293945,36.400001525878906,27785,0.0,0.0
2019-11-27 00:00:00-05:00,37.400001525878906,38.58000183105469,35.599998474121094,36.0,32140,0.0,0.0
2019-11-29 00:00:00-05:00,36.20000076293945,38.400001525878906,35.79999923706055,37.0,33615,0.0,0.0
2019-12-02 00:00:00-05:00,37.599998474121094,38.79999923706055,36.599998474121094,37.599998474121094,19750,0.0,0.0
2019-12-03 00:00:00-05:00,37.79999923706055,38.0,35.599998474121094,36.400001525878906,32825,0.0,0.0
2019-12-04 00:00:00-05:00,37.400001525878906,40.20000076293945,35.599998474121094,38.400001525878906,91410,0.0,0.0
2019-12-05 00:00:00-05:00,39.599998474121094,40.79999923706055,37.400001525878906,38.599998474121094,38585,0.0,0.0
2019-12-06 00:00:00-05:00,39.0,40.400001525878906,37.79999923706055,37.79999923706055,21560,0.0,0.0
2019-12-09 00:00:00-05:00,38.599998474121094,39.400001525878906,36.599998474121094,36.79999923706055,27095,0.0,0.0
2019-12-10 00:00:00-05:00,36.79999923706055,38.0,36.400001525878906,38.0,15840,0.0,0.0
2019-12-11 00:00:00-05:00,37.79999923706055,38.20000076293945,36.79999923706055,37.599998474121094,18610,0.0,0.0
2019-12-12 00:00:00-05:00,37.79999923706055,38.79999923706055,36.7400016784668,38.0,27715,0.0,0.0
2019-12-13 00:00:00-05:00,37.79999923706055,39.20000076293945,37.599998474121094,39.20000076293945,15360,0.0,0.0
2019-12-16 00:00:00-05:00,38.79999923706055,48.599998474121094,38.79999923706055,45.79999923706055,136515,0.0,0.0
2019-12-17 00:00:00-05:00,46.0,47.0,41.20000076293945,43.0,151365,0.0,0.0
2019-12-18 00:00:00-05:00,43.20000076293945,44.79999923706055,42.79999923706055,44.79999923706055,26200,0.0,0.0
2019-12-19 00:00:00-05:00,44.599998474121094,45.599998474121094,42.0,44.0,27435,0.0,0.0
2019-12-20 00:00:00-05:00,44.0,48.0,44.0,46.0,87170,0.0,0.0
2019-12-23 00:00:00-05:00,45.400001525878906,48.0,44.0,46.599998474121094,36200,0.0,0.0
2019-12-24 00:00:00-05:00,46.79999923706055,50.599998474121094,46.20000076293945,49.79999923706055,25730,0.0,0.0
2019-12-26 00:00:00-05:00,49.79999923706055,55.20000076293945,47.0,53.400001525878906,77105,0.0,0.0
2019-12-27 00:00:00-05:00,54.599998474121094,56.79999923706055,49.599998474121094,50.79999923706055,42455,0.0,0.0
2019-12-30 00:00:00-05:00,50.599998474121094,54.20000076293945,47.400001525878906,54.0,36680,0.0,0.0
2019-12-31 00:00:00-05:00,54.0,56.0,51.0,54.400001525878906,30165,0.0,0.0
2020-01-02 00:00:00-05:00,55.400001525878906,57.0,49.400001525878906,51.400001525878906,38805,0.0,0.0
2020-01-03 00:00:00-05:00,50.79999923706055,51.79999923706055,47.79999923706055,49.20000076293945,22800,0.0,0.0
2020-01-06 00:00:00-05:00,49.0,55.599998474121094,48.0,54.400001525878906,42410,0.0,0.0
2020-01-07 00:00:00-05:00,54.79999923706055,55.79999923706055,52.400001525878906,55.599998474121094,24040,0.0,0.0
2020-01-08 00:00:00-05:00,55.599998474121094,62.20000076293945,54.0,60.5,76100,0.0,0.0
2020-01-09 00:00:00-05:00,60.79999923706055,63.400001525878906,55.0,63.400001525878906,56050,0.0,0.0
2020-01-10 00:00:00-05:00,64.0,70.80000305175781,59.20000076293945,68.19999694824219,67700,0.0,0.0
2020-01-13 00:00:00-05:00,70.19999694824219,81.0,60.599998474121094,75.19999694824219,116540,0.0,0.0
2020-01-14 00:00:00-05:00,74.80000305175781,79.80000305175781,70.0,74.0,67800,0.0,0.0
2020-01-15 00:00:00-05:00,74.19999694824219,76.80000305175781,61.400001525878906,67.5999984741211,96175,0.0,0.0
2020-01-16 00:00:00-05:00,67.4000015258789,72.0,67.4000015258789,67.5,29550,0.0,0.0
2020-01-17 00:00:00-05:00,69.0,69.0,63.400001525878906,64.80000305175781,24170,0.0,0.0
2020-01-21 00:00:00-05:00,65.0,72.0,64.19999694824219,70.0,27375,0.0,0.0
2020-01-22 00:00:00-05:00,69.5999984741211,75.19999694824219,67.5999984741211,75.19999694824219,39250,0.0,0.0
2020-01-23 00:00:00-05:00,74.0,76.19999694824219,72.19999694824219,73.5999984741211,17350,0.0,0.0
2020-01-24 00:00:00-05:00,72.80000305175781,73.4000015258789,70.4000015258789,72.69999694824219,26240,0.0,0.0
2020-01-27 00:00:00-05:00,67.4000015258789,72.5999984741211,66.5999984741211,70.4000015258789,19075,0.0,0.0
2020-01-28 00:00:00-05:00,70.80000305175781,72.0,67.80000305175781,70.0,13500,0.0,0.0
2020-01-29 00:00:00-05:00,70.5999984741211,71.80000305175781,69.4000015258789,70.5999984741211,6780,0.0,0.0
2020-01-30 00:00:00-05:00,69.5999984741211,70.4000015258789,66.5999984741211,68.0,12965,0.0,0.0
2020-01-31 00:00:00-05:00,67.0,67.5,63.0,65.5999984741211,18115,0.0,0.0
2020-02-03 00:00:00-05:00,66.19999694824219,68.0,63.20000076293945,66.19999694824219,8315,0.0,0.0
2020-02-04 00:00:00-05:00,66.5999984741211,69.0999984741211,65.4000015258789,68.19999694824219,11165,0.0,0.0
2020-02-05 00:00:00-05:00,68.5999984741211,89.4000015258789,68.5999984741211,85.19999694824219,77080,0.0,0.0
2020-02-06 00:00:00-05:00,83.4000015258789,93.4000015258789,80.5999984741211,83.80000305175781,42960,0.0,0.0
2020-02-07 00:00:00-05:00,83.19999694824219,88.80000305175781,79.0,81.19999694824219,18240,0.0,0.0
2020-02-10 00:00:00-05:00,80.0,82.4000015258789,77.80000305175781,80.19999694824219,10595,0.0,0.0
2020-02-11 00:00:00-05:00,80.4000015258789,85.19999694824219,80.0,82.80000305175781,12395,0.0,0.0
2020-02-12 00:00:00-05:00,83.4000015258789,85.0,80.5999984741211,80.5999984741211,7710,0.0,0.0
2020-02-13 00:00:00-05:00,80.0,83.4000015258789,78.0,81.0,6265,0.0,0.0
2020-02-14 00:00:00-05:00,80.5999984741211,81.0,77.5999984741211,80.4000015258789,12675,0.0,0.0
2020-02-18 00:00:00-05:00,79.5999984741211,81.80000305175781,78.4000015258789,80.80000305175781,7395,0.0,0.0
2020-02-19 00:00:00-05:00,81.0,123.0,78.80000305175781,116.80000305175781,138845,0.0,0.0
2020-02-20 00:00:00-05:00,115.5999984741211,124.80000305175781,104.0,107.0,69900,0.0,0.0
2020-02-21 00:00:00-05:00,102.4000015258789,106.4000015258789,91.0,92.19999694824219,26635,0.0,0.0
2020-02-24 00:00:00-05:00,86.5999984741211,90.5199966430664,84.0,85.80000305175781,18240,0.0,0.0
2020-02-25 00:00:00-05:00,86.5999984741211,88.5999984741211,82.80000305175781,85.19999694824219,32830,0.0,0.0
2020-02-26 00:00:00-05:00,84.80000305175781,97.19999694824219,84.19999694824219,87.9000015258789,49440,0.0,0.0
2020-02-27 00:00:00-05:00,83.80000305175781,89.0,80.5999984741211,84.19999694824219,45935,0.0,0.0
2020-02-28 00:00:00-05:00,80.0,86.5999984741211,78.19999694824219,85.5999984741211,33885,0.0,0.0
2020-03-02 00:00:00-05:00,86.19999694824219,93.80000305175781,84.4000015258789,92.80000305175781,20945,0.0,0.0
2020-03-03 00:00:00-05:00,94.4000015258789,97.0,88.4000015258789,96.0,16690,0.0,0.0
2020-03-04 00:00:00-05:00,97.4000015258789,100.36000061035156,88.0,90.5999984741211,26895,0.0,0.0
2020-03-05 00:00:00-05:00,88.5999984741211,89.5999984741211,82.80000305175781,83.4000015258789,19355,0.0,0.0
2020-03-06 00:00:00-05:00,81.19999694824219,84.5999984741211,72.19999694824219,73.4000015258789,20285,0.0,0.0
2020-03-09 00:00:00-04:00,67.0,71.5999984741211,60.0,62.20000076293945,8705,0.0,0.0
2020-03-10 00:00:00-04:00,65.80000305175781,67.80000305175781,59.79999923706055,65.19999694824219,10395,0.0,0.0
2020-03-11 00:00:00-04:00,62.599998474121094,64.19999694824219,57.0,58.0,15005,0.0,0.0
2020-03-12 00:00:00-04:00,52.599998474121094,55.34000015258789,41.540000915527344,50.20000076293945,28300,0.0,0.0
2020-03-13 00:00:00-04:00,53.400001525878906,54.20000076293945,47.47999954223633,53.400001525878906,17685,0.0,0.0
2020-03-16 00:00:00-04:00,47.400001525878906,53.400001525878906,47.400001525878906,50.20000076293945,14875,0.0,0.0
2020-03-17 00:00:00-04:00,50.599998474121094,60.0,50.20000076293945,58.79999923706055,17475,0.0,0.0
2020-03-18 00:00:00-04:00,54.0,59.31999969482422,47.0,49.599998474121094,12695,0.0,0.0
2020-03-19 00:00:00-04:00,50.0,53.79999923706055,47.20000076293945,50.79999923706055,10875,0.0,0.0
2020-03-20 00:00:00-04:00,53.0,57.5,48.20000076293945,52.79999923706055,20450,0.0,0.0
2020-03-23 00:00:00-04:00,52.79999923706055,67.19999694824219,50.599998474121094,62.79999923706055,61770,0.0,0.0
2020-03-24 00:00:00-04:00,63.0,66.19999694824219,61.400001525878906,65.5999984741211,19355,0.0,0.0
2020-03-25 00:00:00-04:00,66.4000015258789,78.5999984741211,61.29999923706055,70.4000015258789,26840,0.0,0.0
2020-03-26 00:00:00-04:00,70.0,76.80000305175781,63.20000076293945,65.0,10830,0.0,0.0
2020-03-27 00:00:00-04:00,64.0,67.80000305175781,60.0,60.20000076293945,6375,0.0,0.0
2020-03-30 00:00:00-04:00,60.0,60.599998474121094,53.20000076293945,55.0,10215,0.0,0.0
2020-03-31 00:00:00-04:00,54.79999923706055,57.79999923706055,51.79999923706055,53.0,7120,0.0,0.0
2020-04-01 00:00:00-04:00,51.599998474121094,55.400001525878906,46.79999923706055,48.20000076293945,8510,0.0,0.0
2020-04-02 00:00:00-04:00,48.599998474121094,50.599998474121094,47.0,47.400001525878906,13060,0.0,0.0
2020-04-03 00:00:00-04:00,47.20000076293945,52.20000076293945,46.20000076293945,50.400001525878906,9775,0.0,0.0
2020-04-06 00:00:00-04:00,52.20000076293945,55.400001525878906,50.599998474121094,51.400001525878906,10370,0.0,0.0
2020-04-07 00:00:00-04:00,51.79999923706055,56.79999923706055,50.20000076293945,51.599998474121094,9215,0.0,0.0
2020-04-08 00:00:00-04:00,52.400001525878906,59.20000076293945,51.20000076293945,56.400001525878906,9670,0.0,0.0
2020-04-09 00:00:00-04:00,58.0,58.599998474121094,53.400001525878906,55.0,16265,0.0,0.0
2020-04-13 00:00:00-04:00,53.400001525878906,56.20000076293945,51.81999969482422,55.79999923706055,10145,0.0,0.0
2020-04-14 00:00:00-04:00,56.20000076293945,66.19999694824219,56.20000076293945,65.4000015258789,9155,0.0,0.0
2020-04-15 00:00:00-04:00,62.79999923706055,68.0,60.560001373291016,66.0,11170,0.0,0.0
2020-04-16 00:00:00-04:00,65.5999984741211,69.19999694824219,60.0,61.599998474121094,11405,0.0,0.0
2020-04-17 00:00:00-04:00,63.0,70.5999984741211,62.02000045776367,69.0,15155,0.0,0.0
2020-04-20 00:00:00-04:00,66.80000305175781,76.18000030517578,66.33999633789062,68.0,6760,0.0,0.0
2020-04-21 00:00:00-04:00,68.0,70.80000305175781,62.79999923706055,66.19999694824219,15435,0.0,0.0
2020-04-22 00:00:00-04:00,66.19999694824219,70.4000015258789,63.400001525878906,69.80000305175781,8140,0.0,0.0
2020-04-23 00:00:00-04:00,70.0,75.0,69.80000305175781,71.5999984741211,4190,0.0,0.0
2020-04-24 00:00:00-04:00,71.19999694824219,74.80000305175781,69.80000305175781,72.19999694824219,3195,0.0,0.0
2020-04-27 00:00:00-04:00,73.0,77.4000015258789,72.0,74.19999694824219,8070,0.0,0.0
2020-04-28 00:00:00-04:00,76.5999984741211,77.0,67.0,70.5999984741211,9290,0.0,0.0
2020-04-29 00:00:00-04:00,73.4000015258789,88.0,71.19999694824219,83.0,17630,0.0,0.0
2020-04-30 00:00:00-04:00,81.80000305175781,83.5999984741211,76.4000015258789,77.4000015258789,10955,0.0,0.0
2020-05-01 00:00:00-04:00,75.19999694824219,76.19999694824219,72.0,72.4000015258789,8395,0.0,0.0
2020-05-04 00:00:00-04:00,72.4000015258789,80.0,72.4000015258789,79.19999694824219,5070,0.0,0.0
2020-05-05 00:00:00-04:00,81.0,84.4000015258789,77.0,78.19999694824219,7895,0.0,0.0
2020-05-06 00:00:00-04:00,79.4000015258789,83.19999694824219,75.4000015258789,80.0,10105,0.0,0.0
2020-05-07 00:00:00-04:00,82.19999694824219,82.80000305175781,78.19999694824219,78.80000305175781,5895,0.0,0.0
2020-05-08 00:00:00-04:00,78.80000305175781,89.0,78.19999694824219,83.4000015258789,10390,0.0,0.0
2020-05-11 00:00:00-04:00,83.4000015258789,90.80000305175781,83.4000015258789,88.80000305175781,10385,0.0,0.0
2020-05-12 00:00:00-04:00,89.19999694824219,90.0999984741211,79.19999694824219,79.80000305175781,9725,0.0,0.0
2020-05-13 00:00:00-04:00,80.0,83.66000366210938,70.4000015258789,72.0,12905,0.0,0.0
2020-05-14 00:00:00-04:00,71.19999694824219,74.72000122070312,71.0,72.5999984741211,6650,0.0,0.0
2020-05-15 00:00:00-04:00,73.0,79.0,73.0,77.0,5985,0.0,0.0
2020-05-18 00:00:00-04:00,80.0,86.0,79.0,82.5999984741211,5930,0.0,0.0
2020-05-19 00:00:00-04:00,84.0,85.19999694824219,76.19999694824219,76.4000015258789,5470,0.0,0.0
2020-05-20 00:00:00-04:00,76.5999984741211,86.19999694824219,76.5999984741211,85.0,8885,0.0,0.0
2020-05-21 00:00:00-04:00,84.4000015258789,84.69999694824219,78.4000015258789,80.5999984741211,5740,0.0,0.0
2020-05-22 00:00:00-04:00,80.5999984741211,87.5999984741211,79.0,85.80000305175781,5785,0.0,0.0
2020-05-26 00:00:00-04:00,87.0,94.0,83.19999694824219,85.80000305175781,10195,0.0,0.0
2020-05-27 00:00:00-04:00,87.19999694824219,89.5999984741211,81.4000015258789,87.4000015258789,6715,0.0,0.0
2020-05-28 00:00:00-04:00,88.0,90.0,80.5999984741211,80.80000305175781,5005,0.0,0.0
2020-05-29 00:00:00-04:00,80.5999984741211,83.36000061035156,76.4000015258789,79.5999984741211,17140,0.0,0.0
2020-06-01 00:00:00-04:00,79.4000015258789,81.19999694824219,76.4000015258789,77.19999694824219,9575,0.0,0.0
2020-06-02 00:00:00-04:00,78.5999984741211,84.80000305175781,75.0,82.4000015258789,11880,0.0,0.0
2020-06-03 00:00:00-04:00,82.4000015258789,100.0,82.4000015258789,94.5999984741211,17145,0.0,0.0
2020-06-04 00:00:00-04:00,100.4000015258789,115.80000305175781,97.4000015258789,115.80000305175781,22740,0.0,0.0
2020-06-05 00:00:00-04:00,116.4000015258789,119.0,104.4000015258789,107.80000305175781,19280,0.0,0.0
2020-06-08 00:00:00-04:00,113.80000305175781,115.63999938964844,100.19999694824219,104.5999984741211,13030,0.0,0.0
2020-06-09 00:00:00-04:00,102.4000015258789,112.19999694824219,100.4000015258789,110.0,9535,0.0,0.0
2020-06-10 00:00:00-04:00,110.80000305175781,112.19999694824219,106.19999694824219,109.0,5615,0.0,0.0
2020-06-11 00:00:00-04:00,103.19999694824219,103.19999694824219,87.5999984741211,89.30000305175781,14635,0.0,0.0
2020-06-12 00:00:00-04:00,91.0,95.80000305175781,86.5999984741211,92.19999694824219,7560,0.0,0.0
2020-06-15 00:00:00-04:00,90.0,90.5999984741211,82.63999938964844,87.5999984741211,9820,0.0,0.0
2020-06-16 00:00:00-04:00,89.80000305175781,94.19999694824219,88.0,89.19999694824219,5855,0.0,0.0
2020-06-17 00:00:00-04:00,90.19999694824219,94.69999694824219,86.63999938964844,90.4000015258789,4865,0.0,0.0
2020-06-18 00:00:00-04:00,89.5999984741211,93.80000305175781,88.5999984741211,89.80000305175781,5155,0.0,0.0
2020-06-19 00:00:00-04:00,91.0,109.19999694824219,90.19999694824219,106.0,16960,0.0,0.0
2020-06-22 00:00:00-04:00,106.19999694824219,106.19999694824219,100.5999984741211,104.4000015258789,5465,0.0,0.0
2020-06-23 00:00:00-04:00,104.5999984741211,153.1999969482422,104.5999984741211,142.8000030517578,80715,0.0,0.0
2020-06-24 00:00:00-04:00,138.0800018310547,139.60000610351562,121.19999694824219,134.39999389648438,24240,0.0,0.0
2020-06-25 00:00:00-04:00,132.60000610351562,138.8000030517578,126.19999694824219,132.0,10610,0.0,0.0
2020-06-26 00:00:00-04:00,131.8000030517578,137.39999389648438,115.80000305175781,134.1999969482422,37560,0.0,0.0
2020-06-29 00:00:00-04:00,134.8000030517578,138.1999969482422,117.4800033569336,118.19999694824219,14090,0.0,0.0
2020-06-30 00:00:00-04:00,117.19999694824219,119.5999984741211,114.19999694824219,118.19999694824219,6245,0.0,0.0
2020-07-01 00:00:00-04:00,117.5999984741211,126.19999694824219,114.5999984741211,116.0,7805,0.0,0.0
2020-07-02 00:00:00-04:00,118.4000015258789,120.0,114.5999984741211,117.4000015258789,5910,0.0,0.0
2020-07-06 00:00:00-04:00,120.5999984741211,123.68000030517578,115.0,116.0,7935,0.0,0.0
2020-07-07 00:00:00-04:00,115.0,115.19999694824219,106.0,108.5999984741211,9820,0.0,0.0
2020-07-08 00:00:00-04:00,109.4000015258789,116.0,108.4000015258789,114.0,5970,0.0,0.0
2020-07-09 00:00:00-04:00,114.5999984741211,120.4000015258789,111.30000305175781,114.4000015258789,6650,0.0,0.0
2020-07-10 00:00:00-04:00,113.5999984741211,113.91999816894531,106.0,107.5999984741211,11470,0.0,0.0
2020-07-13 00:00:00-04:00,107.5999984741211,109.19999694824219,92.4000015258789,92.80000305175781,20950,0.0,0.0
2020-07-14 00:00:00-04:00,95.0,99.4000015258789,91.19999694824219,94.4000015258789,6830,0.0,0.0
2020-07-15 00:00:00-04:00,97.19999694824219,102.4000015258789,96.16000366210938,99.4000015258789,9395,0.0,0.0
2020-07-16 00:00:00-04:00,99.5999984741211,99.5999984741211,95.0,96.4000015258789,8925,0.0,0.0
2020-07-17 00:00:00-04:00,97.80000305175781,107.37999725341797,95.5999984741211,96.5999984741211,20065,0.0,0.0
2020-07-20 00:00:00-04:00,96.80000305175781,97.80000305175781,88.19999694824219,89.19999694824219,15265,0.0,0.0
2020-07-21 00:00:00-04:00,92.0,92.0,78.19999694824219,79.0,28540,0.0,0.0
2020-07-22 00:00:00-04:00,79.0,82.0999984741211,75.80000305175781,76.5999984741211,15750,0.0,0.0
2020-07-23 00:00:00-04:00,76.0,78.19999694824219,71.4000015258789,72.80000305175781,20935,0.0,0.0
2020-07-24 00:00:00-04:00,71.4000015258789,72.4000015258789,66.4000015258789,69.19999694824219,15455,0.0,0.0
2020-07-27 00:00:00-04:00,70.0,82.0,68.80000305175781,73.0,26130,0.0,0.0
2020-07-28 00:00:00-04:00,73.0,74.5999984741211,70.0,72.0,12410,0.0,0.0
2020-07-29 00:00:00-04:00,72.5999984741211,75.0,70.0,72.0,12835,0.0,0.0
2020-07-30 00:00:00-04:00,77.0,84.80000305175781,74.4000015258789,81.0,20735,0.0,0.0
2020-07-31 00:00:00-04:00,81.5999984741211,82.0,74.19999694824219,76.4000015258789,15110,0.0,0.0
2020-08-03 00:00:00-04:00,77.80000305175781,82.0,73.4000015258789,81.5999984741211,15820,0.0,0.0
2020-08-04 00:00:00-04:00,84.0,86.0,78.19999694824219,82.0999984741211,14355,0.0,0.0
2020-08-05 00:00:00-04:00,83.19999694824219,88.80000305175781,82.0,88.80000305175781,8635,0.0,0.0
2020-08-06 00:00:00-04:00,89.0,89.80000305175781,81.4000015258789,83.19999694824219,8475,0.0,0.0
2020-08-07 00:00:00-04:00,84.4000015258789,87.80000305175781,83.19999694824219,87.19999694824219,7735,0.0,0.0
2020-08-10 00:00:00-04:00,85.5999984741211,101.80000305175781,84.0,97.80000305175781,22810,0.0,0.0
2020-08-11 00:00:00-04:00,100.5999984741211,109.4000015258789,94.5999984741211,106.5999984741211,22820,0.0,0.0
2020-08-12 00:00:00-04:00,106.19999694824219,110.5999984741211,102.72000122070312,105.4000015258789,16395,0.0,0.0
2020-08-13 00:00:00-04:00,102.0,106.69999694824219,98.19999694824219,100.5999984741211,14575,0.0,0.0
2020-08-14 00:00:00-04:00,100.0,104.19999694824219,99.73999786376953,103.80000305175781,9255,0.0,0.0
2020-08-17 00:00:00-04:00,103.19999694824219,117.80000305175781,101.0,111.19999694824219,44600,0.0,0.0
2020-08-18 00:00:00-04:00,111.0,111.80000305175781,106.80000305175781,107.80000305175781,6230,0.0,0.0
2020-08-19 00:00:00-04:00,109.4000015258789,112.5999984741211,107.19999694824219,109.19999694824219,5875,0.0,0.0
2020-08-20 00:00:00-04:00,108.5999984741211,115.80000305175781,108.4000015258789,112.0,14725,0.0,0.0
2020-08-21 00:00:00-04:00,112.0,122.69999694824219,110.9000015258789,119.9000015258789,16535,0.0,0.0
2020-08-24 00:00:00-04:00,119.5999984741211,121.9000015258789,116.5999984741211,120.80000305175781,9140,0.0,0.0
2020-08-25 00:00:00-04:00,122.4000015258789,136.60000610351562,121.0,134.1999969482422,15340,0.0,0.0
2020-08-26 00:00:00-04:00,134.0,134.0,125.0,129.1999969482422,8990,0.0,0.0
2020-08-27 00:00:00-04:00,128.39999389648438,135.8000030517578,125.69999694824219,134.1999969482422,8775,0.0,0.0
2020-08-28 00:00:00-04:00,133.1999969482422,138.1999969482422,130.8000030517578,133.8000030517578,9005,0.0,0.0
2020-08-31 00:00:00-04:00,133.1999969482422,137.8000030517578,130.60000610351562,136.39999389648438,11360,0.0,0.0
2020-09-01 00:00:00-04:00,136.0,138.0,131.0,133.8000030517578,9555,0.0,0.0
2020-09-02 00:00:00-04:00,130.0,156.0,123.5999984741211,154.0,24330,0.0,0.0
2020-09-03 00:00:00-04:00,148.0,151.1999969482422,125.4000015258789,127.5999984741211,17795,0.0,0.0
2020-09-04 00:00:00-04:00,127.4000015258789,136.1999969482422,121.4000015258789,125.0,10510,0.0,0.0
2020-09-08 00:00:00-04:00,124.80000305175781,145.1999969482422,120.0,139.8000030517578,14040,0.0,0.0
2020-09-09 00:00:00-04:00,141.8000030517578,147.60000610351562,129.1999969482422,129.8000030517578,11650,0.0,0.0
2020-09-10 00:00:00-04:00,129.60000610351562,143.0,129.60000610351562,132.60000610351562,8655,0.0,0.0
2020-09-11 00:00:00-04:00,134.0,137.1999969482422,130.0,133.60000610351562,7620,0.0,0.0
2020-09-14 00:00:00-04:00,136.60000610351562,147.8000030517578,134.39999389648438,146.0,13345,0.0,0.0
2020-09-15 00:00:00-04:00,148.8000030517578,165.1999969482422,148.8000030517578,149.8000030517578,16895,0.0,0.0
2020-09-16 00:00:00-04:00,149.60000610351562,160.60000610351562,149.0,155.39999389648438,12120,0.0,0.0
2020-09-17 00:00:00-04:00,154.39999389648438,167.8000030517578,151.60000610351562,163.0,11325,0.0,0.0
2020-09-18 00:00:00-04:00,162.1999969482422,179.1999969482422,156.8000030517578,167.8000030517578,39250,0.0,0.0
2020-09-21 00:00:00-04:00,166.8000030517578,166.8000030517578,150.0,156.8000030517578,11470,0.0,0.0
2020-09-22 00:00:00-04:00,158.39999389648438,158.8000030517578,148.8000030517578,158.8000030517578,8475,0.0,0.0
2020-09-23 00:00:00-04:00,160.0,165.39999389648438,144.39999389648438,145.39999389648438,9090,0.0,0.0
2020-09-24 00:00:00-04:00,144.0,146.1999969482422,130.39999389648438,138.60000610351562,12220,0.0,0.0
2020-09-25 00:00:00-04:00,139.0,145.60000610351562,134.8000030517578,136.0,10935,0.0,0.0
2020-09-28 00:00:00-04:00,137.8000030517578,145.8000030517578,136.1999969482422,144.0,6520,0.0,0.0
2020-09-29 00:00:00-04:00,144.60000610351562,151.0,131.60000610351562,137.8000030517578,9185,0.0,0.0
2020-09-30 00:00:00-04:00,139.39999389648438,140.0,120.4000015258789,121.5999984741211,19080,0.0,0.0
2020-10-01 00:00:00-04:00,122.5999984741211,132.39999389648438,122.55999755859375,126.19999694824219,9890,0.0,0.0
2020-10-02 00:00:00-04:00,123.0,126.19999694824219,117.80000305175781,123.4000015258789,7815,0.0,0.0
2020-10-05 00:00:00-04:00,123.80000305175781,129.39999389648438,120.4000015258789,128.60000610351562,7450,0.0,0.0
2020-10-06 00:00:00-04:00,129.0,135.60000610351562,124.80000305175781,125.4000015258789,12500,0.0,0.0
2020-10-07 00:00:00-04:00,126.5999984741211,142.3000030517578,126.5999984741211,137.8000030517578,6355,0.0,0.0
2020-10-08 00:00:00-04:00,141.1999969482422,141.60000610351562,134.0,135.60000610351562,3730,0.0,0.0
2020-10-09 00:00:00-04:00,136.0,140.60000610351562,133.39999389648438,134.8000030517578,3370,0.0,0.0
2020-10-12 00:00:00-04:00,136.0,139.8000030517578,131.8000030517578,136.8000030517578,4760,0.0,0.0
2020-10-13 00:00:00-04:00,134.0,143.8000030517578,132.60000610351562,142.39999389648438,6075,0.0,0.0
2020-10-14 00:00:00-04:00,81.81999969482422,84.4000015258789,63.20000076293945,67.0,362720,0.0,0.0
2020-10-15 00:00:00-04:00,63.0,63.0,57.099998474121094,59.400001525878906,161685,0.0,0.0
2020-10-16 00:00:00-04:00,59.599998474121094,61.79999923706055,58.599998474121094,59.0,71810,0.0,0.0
2020-10-19 00:00:00-04:00,58.20000076293945,58.79999923706055,54.20000076293945,54.599998474121094,79880,0.0,0.0
2020-10-20 00:00:00-04:00,53.0,55.79999923706055,52.0,53.0,59555,0.0,0.0
2020-10-21 00:00:00-04:00,52.79999923706055,55.20000076293945,50.959999084472656,52.0,49175,0.0,0.0
2020-10-22 00:00:00-04:00,53.0,54.20000076293945,51.0,54.0,33735,0.0,0.0
2020-10-23 00:00:00-04:00,54.0,54.400001525878906,52.20000076293945,52.79999923706055,24680,0.0,0.0
2020-10-26 00:00:00-04:00,52.79999923706055,54.79999923706055,51.400001525878906,51.599998474121094,35880,0.0,0.0
2020-10-27 00:00:00-04:00,51.20000076293945,51.720001220703125,49.400001525878906,50.0,38640,0.0,0.0
2020-10-28 00:00:00-04:00,48.79999923706055,48.959999084472656,45.0,45.0,56220,0.0,0.0
2020-10-29 00:00:00-04:00,46.599998474121094,49.0,43.599998474121094,46.20000076293945,37285,0.0,0.0
2020-10-30 00:00:00-04:00,47.0,48.0,44.400001525878906,46.79999923706055,27895,0.0,0.0
2020-11-02 00:00:00-05:00,47.20000076293945,48.20000076293945,45.79999923706055,47.599998474121094,11520,0.0,0.0
2020-11-03 00:00:00-05:00,47.79999923706055,49.400001525878906,45.400001525878906,47.400001525878906,18240,0.0,0.0
2020-11-04 00:00:00-05:00,47.79999923706055,51.560001373291016,47.119998931884766,49.599998474121094,23920,0.0,0.0
2020-11-05 00:00:00-05:00,50.400001525878906,52.79999923706055,48.599998474121094,50.599998474121094,19610,0.0,0.0
2020-11-06 00:00:00-05:00,50.79999923706055,51.599998474121094,49.560001373291016,49.599998474121094,11395,0.0,0.0
2020-11-09 00:00:00-05:00,52.400001525878906,53.0,49.599998474121094,49.599998474121094,29565,0.0,0.0
2020-11-10 00:00:00-05:00,50.0,51.599998474121094,49.20000076293945,49.599998474121094,11915,0.0,0.0
2020-11-11 00:00:00-05:00,50.0,52.20000076293945,48.900001525878906,50.79999923706055,21155,0.0,0.0
2020-11-12 00:00:00-05:00,49.79999923706055,50.20000076293945,48.20000076293945,49.599998474121094,20240,0.0,0.0
2020-11-13 00:00:00-05:00,53.599998474121094,57.5,53.0,56.599998474121094,65695,0.0,0.0
2020-11-16 00:00:00-05:00,56.599998474121094,57.400001525878906,54.0,54.79999923706055,19900,0.0,0.0
2020-11-17 00:00:00-05:00,55.0,55.400001525878906,53.20000076293945,55.0,14125,0.0,0.0
2020-11-18 00:00:00-05:00,55.400001525878906,55.599998474121094,53.20000076293945,53.599998474121094,11160,0.0,0.0
2020-11-19 00:00:00-05:00,53.79999923706055,61.20000076293945,53.47999954223633,60.400001525878906,42235,0.0,0.0
2020-11-20 00:00:00-05:00,60.599998474121094,61.0,57.400001525878906,59.79999923706055,18610,0.0,0.0
2020-11-23 00:00:00-05:00,60.599998474121094,65.0,60.599998474121094,62.29999923706055,36555,0.0,0.0
2020-11-24 00:00:00-05:00,62.400001525878906,63.20000076293945,53.599998474121094,59.599998474121094,48620,0.0,0.0
2020-11-25 00:00:00-05:00,58.599998474121094,66.5999984741211,58.400001525878906,64.5999984741211,35865,0.0,0.0
2020-11-27 00:00:00-05:00,65.80000305175781,68.30000305175781,61.79999923706055,65.19999694824219,19960,0.0,0.0
2020-11-30 00:00:00-05:00,65.4000015258789,65.5999984741211,61.20000076293945,61.599998474121094,17745,0.0,0.0
2020-12-01 00:00:00-05:00,62.20000076293945,63.79999923706055,58.0,59.400001525878906,16730,0.0,0.0
2020-12-02 00:00:00-05:00,59.0,62.20000076293945,56.79999923706055,61.20000076293945,12905,0.0,0.0
2020-12-03 00:00:00-05:00,60.20000076293945,64.0,60.20000076293945,61.599998474121094,22275,0.0,0.0
2020-12-04 00:00:00-05:00,62.20000076293945,64.19999694824219,61.400001525878906,64.0,16975,0.0,0.0
2020-12-07 00:00:00-05:00,64.0,66.0,61.400001525878906,62.0,12195,0.0,0.0
2020-12-08 00:00:00-05:00,61.599998474121094,64.19999694824219,61.400001525878906,62.20000076293945,13175,0.0,0.0
2020-12-09 00:00:00-05:00,63.0,63.20000076293945,60.0,61.79999923706055,8030,0.0,0.0
2020-12-10 00:00:00-05:00,61.599998474121094,64.80000305175781,61.560001373291016,64.5999984741211,6515,0.0,0.0
2020-12-11 00:00:00-05:00,65.0,67.0999984741211,63.20000076293945,65.80000305175781,15355,0.0,0.0
2020-12-14 00:00:00-05:00,65.4000015258789,69.0,64.19999694824219,65.4000015258789,17180,0.0,0.0
2020-12-15 00:00:00-05:00,65.4000015258789,67.19999694824219,64.4000015258789,66.19999694824219,7025,0.0,0.0
2020-12-16 00:00:00-05:00,66.4000015258789,66.63999938964844,63.0,63.0,9365,0.0,0.0
2020-12-17 00:00:00-05:00,63.400001525878906,63.400001525878906,60.20000076293945,63.0,15440,0.0,0.0
2020-12-18 00:00:00-05:00,63.400001525878906,66.5999984741211,63.0,64.4000015258789,22625,0.0,0.0
2020-12-21 00:00:00-05:00,63.0,65.80000305175781,61.20000076293945,65.19999694824219,12755,0.0,0.0
2020-12-22 00:00:00-05:00,65.5999984741211,65.5999984741211,62.68000030517578,64.4000015258789,4230,0.0,0.0
2020-12-23 00:00:00-05:00,64.0,65.19999694824219,63.099998474121094,63.599998474121094,4650,0.0,0.0
2020-12-24 00:00:00-05:00,64.19999694824219,64.19999694824219,61.18000030517578,62.400001525878906,5060,0.0,0.0
2020-12-28 00:00:00-05:00,63.0,63.79999923706055,58.79999923706055,59.79999923706055,15095,0.0,0.0
2020-12-29 00:00:00-05:00,60.400001525878906,62.0,57.400001525878906,60.0,10070,0.0,0.0
2020-12-30 00:00:00-05:00,60.0,61.599998474121094,59.599998474121094,61.599998474121094,6335,0.0,0.0
2020-12-31 00:00:00-05:00,62.400001525878906,62.439998626708984,59.599998474121094,61.20000076293945,8880,0.0,0.0
2021-01-04 00:00:00-05:00,61.599998474121094,62.0,58.400001525878906,60.79999923706055,8780,0.0,0.0
2021-01-05 00:00:00-05:00,60.79999923706055,63.0,60.0,62.0,8290,0.0,0.0
2021-01-06 00:00:00-05:00,62.20000076293945,64.0,60.599998474121094,62.20000076293945,8910,0.0,0.0
2021-01-07 00:00:00-05:00,62.599998474121094,65.5999984741211,62.400001525878906,64.80000305175781,11750,0.0,0.0
2021-01-08 00:00:00-05:00,65.19999694824219,66.0,63.0,65.19999694824219,5405,0.0,0.0
2021-01-11 00:00:00-05:00,65.5999984741211,66.0,63.599998474121094,65.5999984741211,7450,0.0,0.0
2021-01-12 00:00:00-05:00,65.5999984741211,67.5999984741211,65.19999694824219,67.0,7000,0.0,0.0
2021-01-13 00:00:00-05:00,66.80000305175781,75.0,66.80000305175781,72.0,39800,0.0,0.0
2021-01-14 00:00:00-05:00,72.19999694824219,73.4000015258789,67.5999984741211,68.4000015258789,15800,0.0,0.0
2021-01-15 00:00:00-05:00,69.5999984741211,70.80000305175781,61.599998474121094,64.4000015258789,25470,0.0,0.0
2021-01-19 00:00:00-05:00,65.0,68.30000305175781,64.5,66.5999984741211,9445,0.0,0.0
2021-01-20 00:00:00-05:00,66.80000305175781,68.05999755859375,65.19999694824219,66.4000015258789,6675,0.0,0.0
2021-01-21 00:00:00-05:00,67.4000015258789,68.0,64.0,66.5999984741211,11310,0.0,0.0
2021-01-22 00:00:00-05:00,66.80000305175781,68.4000015258789,65.5999984741211,67.0,7960,0.0,0.0
2021-01-25 00:00:00-05:00,66.80000305175781,69.18000030517578,64.0,66.4000015258789,7685,0.0,0.0
2021-01-26 00:00:00-05:00,66.5999984741211,66.5999984741211,62.79999923706055,63.400001525878906,9740,0.0,0.0
2021-01-27 00:00:00-05:00,62.400001525878906,66.0,60.400001525878906,62.599998474121094,13320,0.0,0.0
2021-01-28 00:00:00-05:00,64.5999984741211,66.86000061035156,62.0,62.20000076293945,15870,0.0,0.0
2021-01-29 00:00:00-05:00,62.400001525878906,64.80000305175781,61.79999923706055,63.20000076293945,9160,0.0,0.0
2021-02-01 00:00:00-05:00,64.4000015258789,65.5999984741211,63.0,64.5999984741211,8595,0.0,0.0
2021-02-02 00:00:00-05:00,65.4000015258789,74.9800033569336,65.0999984741211,72.19999694824219,39865,0.0,0.0
2021-02-03 00:00:00-05:00,72.4000015258789,74.80000305175781,71.0,74.4000015258789,29210,0.0,0.0
2021-02-04 00:00:00-05:00,83.0,138.0,82.19999694824219,102.4000015258789,1133495,0.0,0.0
2021-02-05 00:00:00-05:00,92.4000015258789,101.0,83.0,89.0,83705,0.0,0.0
2021-02-08 00:00:00-05:00,90.4000015258789,97.0,87.19999694824219,91.80000305175781,35040,0.0,0.0
2021-02-09 00:00:00-05:00,95.0,96.0,89.37999725341797,95.19999694824219,27605,0.0,0.0
2021-02-10 00:00:00-05:00,96.19999694824219,105.80000305175781,88.0,92.0,31090,0.0,0.0
2021-02-11 00:00:00-05:00,93.5999984741211,97.0,87.4000015258789,89.80000305175781,20715,0.0,0.0
2021-02-12 00:00:00-05:00,89.19999694824219,91.0,84.80000305175781,86.0,16385,0.0,0.0
2021-02-16 00:00:00-05:00,87.0,92.66000366210938,86.0,91.5999984741211,20585,0.0,0.0
2021-02-17 00:00:00-05:00,91.80000305175781,97.0,90.0,92.19999694824219,21830,0.0,0.0
2021-02-18 00:00:00-05:00,91.5999984741211,92.80000305175781,85.19999694824219,86.19999694824219,12950,0.0,0.0
2021-02-19 00:00:00-05:00,84.4000015258789,89.5999984741211,83.5999984741211,87.4000015258789,12505,0.0,0.0
2021-02-22 00:00:00-05:00,86.0,87.4000015258789,80.19999694824219,80.80000305175781,12570,0.0,0.0
2021-02-23 00:00:00-05:00,82.5999984741211,82.5999984741211,71.80000305175781,78.80000305175781,18905,0.0,0.0
2021-02-24 00:00:00-05:00,77.5999984741211,86.0,77.26000213623047,84.4000015258789,9655,0.0,0.0
2021-02-25 00:00:00-05:00,84.80000305175781,86.4000015258789,75.4000015258789,76.4000015258789,36980,0.0,0.0
2021-02-26 00:00:00-05:00,76.4000015258789,80.0,70.80000305175781,76.80000305175781,22595,0.0,0.0
2021-03-01 00:00:00-05:00,78.80000305175781,80.0,76.80000305175781,78.0,9385,0.0,0.0
2021-03-02 00:00:00-05:00,78.0,81.4000015258789,76.5999984741211,80.5999984741211,9220,0.0,0.0
2021-03-03 00:00:00-05:00,81.80000305175781,84.4000015258789,77.4000015258789,82.19999694824219,15890,0.0,0.0
2021-03-04 00:00:00-05:00,82.19999694824219,84.0,73.0,75.19999694824219,16670,0.0,0.0
2021-03-05 00:00:00-05:00,75.19999694824219,78.80000305175781,64.0,71.80000305175781,22035,0.0,0.0
2021-03-08 00:00:00-05:00,72.4000015258789,77.5999984741211,71.0,76.80000305175781,10040,0.0,0.0
2021-03-09 00:00:00-05:00,76.80000305175781,81.80000305175781,76.80000305175781,80.0,8870,0.0,0.0
2021-03-10 00:00:00-05:00,82.4000015258789,84.5999984741211,80.4000015258789,83.4000015258789,9430,0.0,0.0
2021-03-11 00:00:00-05:00,84.19999694824219,87.5,83.12000274658203,86.80000305175781,8390,0.0,0.0
2021-03-12 00:00:00-05:00,86.80000305175781,88.0,82.80000305175781,85.4000015258789,5175,0.0,0.0
2021-03-15 00:00:00-04:00,85.5999984741211,86.0,81.19999694824219,81.80000305175781,5235,0.0,0.0
2021-03-16 00:00:00-04:00,83.5999984741211,91.80000305175781,81.80000305175781,84.4000015258789,16210,0.0,0.0
2021-03-17 00:00:00-04:00,83.80000305175781,90.0,82.0,88.4000015258789,10015,0.0,0.0
2021-03-18 00:00:00-04:00,87.0,89.4000015258789,84.0,84.19999694824219,4800,0.0,0.0
2021-03-19 00:00:00-04:00,82.80000305175781,86.0,80.0,80.0,25035,0.0,0.0
2021-03-22 00:00:00-04:00,80.19999694824219,81.0,75.5999984741211,79.0,9145,0.0,0.0
2021-03-23 00:00:00-04:00,78.19999694824219,78.19999694824219,69.80000305175781,70.5999984741211,10110,0.0,0.0
2021-03-24 00:00:00-04:00,71.72000122070312,76.4000015258789,65.5999984741211,65.80000305175781,8155,0.0,0.0
2021-03-25 00:00:00-04:00,69.69999694824219,71.5999984741211,63.400001525878906,69.5999984741211,9750,0.0,0.0
2021-03-26 00:00:00-04:00,69.4000015258789,70.58000183105469,60.599998474121094,61.599998474121094,15725,0.0,0.0
2021-03-29 00:00:00-04:00,63.0,65.0,57.400001525878906,57.79999923706055,23025,0.0,0.0
2021-03-30 00:00:00-04:00,58.0,58.20000076293945,51.0,53.79999923706055,46535,0.0,0.0
2021-03-31 00:00:00-04:00,54.20000076293945,56.400001525878906,52.0,55.79999923706055,33965,0.0,0.0
2021-04-01 00:00:00-04:00,57.31999969482422,65.80000305175781,56.0,65.80000305175781,29040,0.0,0.0
2021-04-05 00:00:00-04:00,65.80000305175781,65.80000305175781,58.20000076293945,59.20000076293945,17500,0.0,0.0
2021-04-06 00:00:00-04:00,58.0,60.599998474121094,57.400001525878906,57.599998474121094,10645,0.0,0.0
2021-04-07 00:00:00-04:00,57.0,59.599998474121094,56.0,57.599998474121094,8075,0.0,0.0
2021-04-08 00:00:00-04:00,58.0,58.0,54.400001525878906,57.0,8920,0.0,0.0
2021-04-09 00:00:00-04:00,57.0,57.599998474121094,54.599998474121094,57.0,12475,0.0,0.0
2021-04-12 00:00:00-04:00,58.0,59.20000076293945,54.0,55.400001525878906,14025,0.0,0.0
2021-04-13 00:00:00-04:00,55.599998474121094,55.599998474121094,52.400001525878906,54.0,11140,0.0,0.0
2021-04-14 00:00:00-04:00,56.20000076293945,57.400001525878906,53.0,55.0,23055,0.0,0.0
2021-04-15 00:00:00-04:00,55.20000076293945,55.599998474121094,50.0,50.0,16870,0.0,0.0
2021-04-16 00:00:00-04:00,50.400001525878906,52.099998474121094,47.599998474121094,51.599998474121094,24115,0.0,0.0
2021-04-19 00:00:00-04:00,51.400001525878906,51.599998474121094,46.20000076293945,48.599998474121094,19345,0.0,0.0
2021-04-20 00:00:00-04:00,48.20000076293945,52.599998474121094,48.0,52.20000076293945,22675,0.0,0.0
2021-04-21 00:00:00-04:00,52.400001525878906,57.0,51.79999923706055,55.20000076293945,25100,0.0,0.0
2021-04-22 00:00:00-04:00,54.599998474121094,60.599998474121094,54.0,55.599998474121094,32950,0.0,0.0
2021-04-23 00:00:00-04:00,56.20000076293945,60.02000045776367,53.400001525878906,58.20000076293945,21755,0.0,0.0
2021-04-26 00:00:00-04:00,60.20000076293945,63.20000076293945,56.29999923706055,62.400001525878906,35790,0.0,0.0
2021-04-27 00:00:00-04:00,50.959999084472656,55.0,49.400001525878906,51.20000076293945,87175,0.0,0.0
2021-04-28 00:00:00-04:00,51.20000076293945,51.20000076293945,48.599998474121094,48.79999923706055,26890,0.0,0.0
2021-04-29 00:00:00-04:00,48.79999923706055,49.79999923706055,45.0,45.79999923706055,23120,0.0,0.0
2021-04-30 00:00:00-04:00,47.20000076293945,47.20000076293945,43.0,43.599998474121094,42675,0.0,0.0
2021-05-03 00:00:00-04:00,43.599998474121094,45.0,41.599998474121094,44.400001525878906,22520,0.0,0.0
2021-05-04 00:00:00-04:00,44.79999923706055,49.0,41.79999923706055,46.400001525878906,39930,0.0,0.0
2021-05-05 00:00:00-04:00,47.0,52.20000076293945,46.0,51.0,38985,0.0,0.0
2021-05-06 00:00:00-04:00,51.79999923706055,52.0,46.20000076293945,49.79999923706055,27950,0.0,0.0
2021-05-07 00:00:00-04:00,54.599998474121094,66.0,53.599998474121094,55.20000076293945,321350,0.0,0.0
2021-05-10 00:00:00-04:00,58.0,61.599998474121094,52.79999923706055,54.79999923706055,83775,0.0,0.0
2021-05-11 00:00:00-04:00,53.20000076293945,57.79999923706055,51.0,56.400001525878906,46760,0.0,0.0
2021-05-12 00:00:00-04:00,56.400001525878906,60.599998474121094,55.5,59.0,34020,0.0,0.0
2021-05-13 00:00:00-04:00,59.20000076293945,59.79999923706055,54.20000076293945,56.20000076293945,17260,0.0,0.0
2021-05-14 00:00:00-04:00,56.79999923706055,61.0,56.79999923706055,58.79999923706055,19395,0.0,0.0
2021-05-17 00:00:00-04:00,58.79999923706055,62.20000076293945,57.400001525878906,60.20000076293945,13355,0.0,0.0
2021-05-18 00:00:00-04:00,60.400001525878906,62.400001525878906,58.79999923706055,59.20000076293945,19785,0.0,0.0
2021-05-19 00:00:00-04:00,57.79999923706055,60.20000076293945,56.599998474121094,58.79999923706055,7040,0.0,0.0
2021-05-20 00:00:00-04:00,59.0,62.79999923706055,58.0,60.20000076293945,23000,0.0,0.0
2021-05-21 00:00:00-04:00,62.0,67.94000244140625,59.79999923706055,62.599998474121094,110390,0.0,0.0
2021-05-24 00:00:00-04:00,63.79999923706055,64.4000015258789,58.79999923706055,59.0,28355,0.0,0.0
2021-05-25 00:00:00-04:00,59.20000076293945,60.20000076293945,58.0,59.20000076293945,15010,0.0,0.0
2021-05-26 00:00:00-04:00,59.79999923706055,63.0,57.400001525878906,61.0,20850,0.0,0.0
2021-05-27 00:00:00-04:00,62.20000076293945,66.0,61.400001525878906,64.19999694824219,17335,0.0,0.0
2021-05-28 00:00:00-04:00,65.0,68.19999694824219,63.20000076293945,64.80000305175781,19125,0.0,0.0
2021-06-01 00:00:00-04:00,64.4000015258789,68.80000305175781,63.79999923706055,68.5999984741211,16660,0.0,0.0
2021-06-02 00:00:00-04:00,68.5999984741211,72.0,60.599998474121094,66.0,33070,0.0,0.0
2021-06-03 00:00:00-04:00,66.0,66.5999984741211,62.79999923706055,64.5999984741211,11765,0.0,0.0
2021-06-04 00:00:00-04:00,68.4000015258789,73.80000305175781,63.0,63.79999923706055,147665,0.0,0.0
2021-06-07 00:00:00-04:00,64.0,73.0,62.400001525878906,63.0,416540,0.0,0.0
2021-06-08 00:00:00-04:00,72.19999694824219,88.0,68.4000015258789,82.0,1046425,0.0,0.0
2021-06-09 00:00:00-04:00,79.19999694824219,82.0,74.19999694824219,81.5999984741211,188445,0.0,0.0
2021-06-10 00:00:00-04:00,81.80000305175781,86.4000015258789,74.0999984741211,83.0,128955,0.0,0.0
2021-06-11 00:00:00-04:00,81.80000305175781,84.0,77.4000015258789,79.4000015258789,42820,0.0,0.0
2021-06-14 00:00:00-04:00,80.4000015258789,97.19999694824219,80.19999694824219,85.80000305175781,200455,0.0,0.0
2021-06-15 00:00:00-04:00,83.4000015258789,84.80000305175781,72.19999694824219,75.4000015258789,95885,0.0,0.0
2021-06-16 00:00:00-04:00,74.80000305175781,78.0,74.0,75.80000305175781,34050,0.0,0.0
2021-06-17 00:00:00-04:00,74.4000015258789,77.4000015258789,72.4000015258789,73.5999984741211,39125,0.0,0.0
2021-06-18 00:00:00-04:00,73.0,76.80000305175781,73.0,74.4000015258789,25530,0.0,0.0
2021-06-21 00:00:00-04:00,74.19999694824219,75.19999694824219,71.19999694824219,74.0,31080,0.0,0.0
2021-06-22 00:00:00-04:00,73.19999694824219,74.80000305175781,71.30000305175781,74.0,36550,0.0,0.0
2021-06-23 00:00:00-04:00,74.0,77.5999984741211,73.30000305175781,75.19999694824219,46020,0.0,0.0
2021-06-24 00:00:00-04:00,76.5999984741211,83.0,76.5999984741211,79.4000015258789,81895,0.0,0.0
2021-06-25 00:00:00-04:00,79.0,82.4000015258789,77.5999984741211,81.5999984741211,190280,0.0,0.0
2021-06-28 00:00:00-04:00,83.0,83.80000305175781,79.0,82.80000305175781,39620,0.0,0.0
2021-06-29 00:00:00-04:00,82.80000305175781,83.4000015258789,78.80000305175781,79.5999984741211,25130,0.0,0.0
2021-06-30 00:00:00-04:00,79.0,80.0,77.0,78.0,19785,0.0,0.0
2021-07-01 00:00:00-04:00,77.19999694824219,79.5999984741211,73.77999877929688,78.80000305175781,21460,0.0,0.0
2021-07-02 00:00:00-04:00,79.5999984741211,81.4000015258789,75.4000015258789,78.4000015258789,19320,0.0,0.0
2021-07-06 00:00:00-04:00,78.0,78.4800033569336,72.4000015258789,74.19999694824219,24845,0.0,0.0
2021-07-07 00:00:00-04:00,74.4000015258789,74.4000015258789,69.0,72.5999984741211,24450,0.0,0.0
2021-07-08 00:00:00-04:00,69.80000305175781,73.80000305175781,67.4000015258789,73.5999984741211,29050,0.0,0.0
2021-07-09 00:00:00-04:00,73.0,76.80000305175781,70.69999694824219,74.4000015258789,22160,0.0,0.0
2021-07-12 00:00:00-04:00,74.4000015258789,77.19999694824219,73.0,76.80000305175781,18010,0.0,0.0
2021-07-13 00:00:00-04:00,77.0,77.0,72.19999694824219,72.80000305175781,30910,0.0,0.0
2021-07-14 00:00:00-04:00,73.0,75.4000015258789,69.4000015258789,69.5999984741211,28065,0.0,0.0
2021-07-15 00:00:00-04:00,69.0,69.0,64.80000305175781,66.19999694824219,34590,0.0,0.0
2021-07-16 00:00:00-04:00,66.80000305175781,69.19999694824219,65.19999694824219,66.5999984741211,17125,0.0,0.0
2021-07-19 00:00:00-04:00,66.5999984741211,71.0,64.80000305175781,67.19999694824219,32345,0.0,0.0
2021-07-20 00:00:00-04:00,66.5999984741211,70.0,64.80000305175781,69.0,11715,0.0,0.0
2021-07-21 00:00:00-04:00,70.0,75.5999984741211,68.4000015258789,73.80000305175781,33240,0.0,0.0
2021-07-22 00:00:00-04:00,73.5999984741211,73.80000305175781,70.19999694824219,72.0,82775,0.0,0.0
2021-07-23 00:00:00-04:00,80.0,84.5999984741211,72.0,82.5999984741211,195540,0.0,0.0
2021-07-26 00:00:00-04:00,83.0,83.0,70.4000015258789,70.80000305175781,91640,0.0,0.0
2021-07-27 00:00:00-04:00,70.0,70.0,63.400001525878906,64.80000305175781,40360,0.0,0.0
2021-07-28 00:00:00-04:00,65.80000305175781,67.5,63.599998474121094,67.0,28785,0.0,0.0
2021-07-29 00:00:00-04:00,66.5999984741211,66.5999984741211,58.20000076293945,58.599998474121094,53100,0.0,0.0
2021-07-30 00:00:00-04:00,57.70000076293945,62.20000076293945,57.599998474121094,58.20000076293945,26100,0.0,0.0
2021-08-02 00:00:00-04:00,57.20000076293945,62.599998474121094,56.79999923706055,60.599998474121094,17345,0.0,0.0
2021-08-03 00:00:00-04:00,61.20000076293945,62.400001525878906,58.20000076293945,61.79999923706055,22265,0.0,0.0
2021-08-04 00:00:00-04:00,61.400001525878906,65.5999984741211,59.36000061035156,61.599998474121094,23235,0.0,0.0
2021-08-05 00:00:00-04:00,62.0,64.80000305175781,61.70000076293945,64.4000015258789,16985,0.0,0.0
2021-08-06 00:00:00-04:00,63.79999923706055,64.4000015258789,62.099998474121094,63.20000076293945,11375,0.0,0.0
2021-08-09 00:00:00-04:00,63.599998474121094,65.5999984741211,63.0,65.4000015258789,13625,0.0,0.0
2021-08-10 00:00:00-04:00,64.80000305175781,69.5999984741211,63.36000061035156,68.0,23925,0.0,0.0
2021-08-11 00:00:00-04:00,68.4000015258789,69.5999984741211,65.0,66.4000015258789,17510,0.0,0.0
2021-08-12 00:00:00-04:00,66.19999694824219,67.19999694824219,63.400001525878906,65.5999984741211,20620,0.0,0.0
2021-08-13 00:00:00-04:00,64.19999694824219,65.5999984741211,63.20000076293945,63.400001525878906,8990,0.0,0.0
2021-08-16 00:00:00-04:00,62.79999923706055,63.20000076293945,59.02000045776367,60.599998474121094,14955,0.0,0.0
2021-08-17 00:00:00-04:00,59.400001525878906,60.599998474121094,57.20000076293945,59.0,14195,0.0,0.0
2021-08-18 00:00:00-04:00,58.599998474121094,59.0,55.400001525878906,56.400001525878906,19065,0.0,0.0
2021-08-19 00:00:00-04:00,56.400001525878906,57.79999923706055,54.400001525878906,54.599998474121094,16090,0.0,0.0
2021-08-20 00:00:00-04:00,54.599998474121094,56.400001525878906,54.0,54.599998474121094,8180,0.0,0.0
2021-08-23 00:00:00-04:00,55.0,60.400001525878906,55.0,56.400001525878906,19595,0.0,0.0
2021-08-24 00:00:00-04:00,57.599998474121094,61.79999923706055,57.0,61.0,12540,0.0,0.0
2021-08-25 00:00:00-04:00,61.0,63.20000076293945,60.400001525878906,61.0,6640,0.0,0.0
2021-08-26 00:00:00-04:00,60.79999923706055,64.80000305175781,60.79999923706055,63.599998474121094,13605,0.0,0.0
2021-08-27 00:00:00-04:00,63.599998474121094,67.19999694824219,63.560001373291016,66.19999694824219,10920,0.0,0.0
2021-08-30 00:00:00-04:00,64.5999984741211,66.19999694824219,62.959999084472656,63.599998474121094,8690,0.0,0.0
2021-08-31 00:00:00-04:00,63.29999923706055,69.0,62.79999923706055,68.4000015258789,11205,0.0,0.0
2021-09-01 00:00:00-04:00,67.5999984741211,69.4000015258789,64.19999694824219,64.19999694824219,9295,0.0,0.0
2021-09-02 00:00:00-04:00,64.5999984741211,67.5999984741211,64.5999984741211,65.4000015258789,7920,0.0,0.0
2021-09-03 00:00:00-04:00,64.5999984741211,64.5999984741211,61.599998474121094,63.0,7370,0.0,0.0
2021-09-07 00:00:00-04:00,63.20000076293945,65.0,61.79999923706055,63.400001525878906,11825,0.0,0.0
2021-09-08 00:00:00-04:00,65.0199966430664,65.0199966430664,61.0,62.20000076293945,9290,0.0,0.0
2021-09-09 00:00:00-04:00,61.400001525878906,65.19999694824219,60.20000076293945,60.20000076293945,13705,0.0,0.0
2021-09-10 00:00:00-04:00,61.79999923706055,69.80000305175781,60.79999923706055,65.4000015258789,40475,0.0,0.0
2021-09-13 00:00:00-04:00,64.58000183105469,66.80000305175781,61.0,61.599998474121094,14495,0.0,0.0
2021-09-14 00:00:00-04:00,61.599998474121094,63.400001525878906,56.400001525878906,58.79999923706055,18055,0.0,0.0
2021-09-15 00:00:00-04:00,59.79999923706055,60.0,56.599998474121094,58.79999923706055,16740,0.0,0.0
2021-09-16 00:00:00-04:00,58.400001525878906,64.76000213623047,57.400001525878906,62.0,35050,0.0,0.0
2021-09-17 00:00:00-04:00,63.0,69.4000015258789,61.400001525878906,62.400001525878906,46615,0.0,0.0
2021-09-20 00:00:00-04:00,61.0,63.0,58.599998474121094,61.79999923706055,35430,0.0,0.0
2021-09-21 00:00:00-04:00,63.20000076293945,67.5999984741211,62.0,64.80000305175781,34100,0.0,0.0
2021-09-22 00:00:00-04:00,66.4000015258789,71.0,63.400001525878906,65.0,27585,0.0,0.0
2021-09-23 00:00:00-04:00,65.19999694824219,70.5999984741211,64.5999984741211,69.80000305175781,19785,0.0,0.0
2021-09-24 00:00:00-04:00,71.19999694824219,72.45999908447266,65.81999969482422,67.5999984741211,28880,0.0,0.0
2021-09-27 00:00:00-04:00,67.5999984741211,71.19999694824219,66.4000015258789,68.80000305175781,11865,0.0,0.0
2021-09-28 00:00:00-04:00,68.80000305175781,68.80000305175781,66.0,66.4000015258789,7985,0.0,0.0
2021-09-29 00:00:00-04:00,65.80000305175781,67.4000015258789,61.599998474121094,61.79999923706055,21365,0.0,0.0
2021-09-30 00:00:00-04:00,61.0,63.400001525878906,59.0,61.400001525878906,27770,0.0,0.0
2021-10-01 00:00:00-04:00,61.20000076293945,62.20000076293945,59.400001525878906,59.79999923706055,10950,0.0,0.0
2021-10-04 00:00:00-04:00,59.20000076293945,59.599998474121094,55.79999923706055,58.0,22000,0.0,0.0
2021-10-05 00:00:00-04:00,58.0,59.79999923706055,57.0,58.400001525878906,14170,0.0,0.0
2021-10-06 00:00:00-04:00,57.400001525878906,59.79999923706055,56.400001525878906,57.599998474121094,14050,0.0,0.0
2021-10-07 00:00:00-04:00,57.400001525878906,60.599998474121094,57.099998474121094,58.0,21860,0.0,0.0
2021-10-08 00:00:00-04:00,57.79999923706055,58.0,56.400001525878906,57.0,7715,0.0,0.0
2021-10-11 00:00:00-04:00,56.20000076293945,57.79999923706055,55.0,56.400001525878906,7525,0.0,0.0
2021-10-12 00:00:00-04:00,56.400001525878906,57.79999923706055,56.0,56.20000076293945,7905,0.0,0.0
2021-10-13 00:00:00-04:00,56.400001525878906,57.29999923706055,55.0,57.0,9240,0.0,0.0
2021-10-14 00:00:00-04:00,57.79999923706055,58.5,55.20000076293945,56.0,10930,0.0,0.0
2021-10-15 00:00:00-04:00,56.0,56.20000076293945,53.099998474121094,53.79999923706055,12415,0.0,0.0
2021-10-18 00:00:00-04:00,52.79999923706055,53.5,51.13999938964844,52.0,11650,0.0,0.0
2021-10-19 00:00:00-04:00,51.79999923706055,53.20000076293945,51.0,53.20000076293945,6150,0.0,0.0
2021-10-20 00:00:00-04:00,56.20000076293945,60.599998474121094,54.400001525878906,59.0,146940,0.0,0.0
2021-10-21 00:00:00-04:00,58.400001525878906,61.0,55.20000076293945,55.79999923706055,28955,0.0,0.0
2021-10-22 00:00:00-04:00,55.79999923706055,56.20000076293945,53.0,54.79999923706055,17360,0.0,0.0
2021-10-25 00:00:00-04:00,55.599998474121094,55.880001068115234,52.900001525878906,54.20000076293945,15600,0.0,0.0
2021-10-26 00:00:00-04:00,54.20000076293945,55.20000076293945,52.79999923706055,54.400001525878906,8775,0.0,0.0
2021-10-27 00:00:00-04:00,54.0,54.279998779296875,52.0,52.20000076293945,7835,0.0,0.0
2021-10-28 00:00:00-04:00,52.0,54.619998931884766,52.0,53.0,7240,0.0,0.0
2021-10-29 00:00:00-04:00,53.0,53.880001068115234,50.79999923706055,51.20000076293945,9310,0.0,0.0
2021-11-01 00:00:00-04:00,50.79999923706055,53.0,50.79999923706055,52.599998474121094,5290,0.0,0.0
2021-11-02 00:00:00-04:00,52.400001525878906,53.79999923706055,50.20000076293945,52.79999923706055,19590,0.0,0.0
2021-11-03 00:00:00-04:00,53.0,54.79999923706055,52.79999923706055,54.20000076293945,5530,0.0,0.0
2021-11-04 00:00:00-04:00,54.0,60.20000076293945,53.20000076293945,57.79999923706055,45915,0.0,0.0
2021-11-05 00:00:00-04:00,57.79999923706055,61.0,56.65999984741211,57.599998474121094,15825,0.0,0.0
2021-11-08 00:00:00-05:00,60.0,60.18000030517578,56.0,57.400001525878906,9445,0.0,0.0
2021-11-09 00:00:00-05:00,57.20000076293945,57.400001525878906,54.400001525878906,55.400001525878906,9085,0.0,0.0
2021-11-10 00:00:00-05:00,55.79999923706055,56.79999923706055,51.400001525878906,52.400001525878906,17000,0.0,0.0
2021-11-11 00:00:00-05:00,52.400001525878906,53.400001525878906,51.20000076293945,53.0,6520,0.0,0.0
2021-11-12 00:00:00-05:00,53.0,53.79999923706055,51.20000076293945,53.79999923706055,9955,0.0,0.0
2021-11-15 00:00:00-05:00,53.79999923706055,54.79999923706055,51.20000076293945,53.79999923706055,11000,0.0,0.0
2021-11-16 00:00:00-05:00,53.20000076293945,53.20000076293945,51.0,52.400001525878906,10605,0.0,0.0
2021-11-17 00:00:00-05:00,52.0,52.29999923706055,50.20000076293945,50.599998474121094,7445,0.0,0.0
2021-11-18 00:00:00-05:00,50.79999923706055,51.34000015258789,44.400001525878906,46.0,30990,0.0,0.0
2021-11-19 00:00:00-05:00,45.599998474121094,48.400001525878906,45.060001373291016,46.400001525878906,18205,0.0,0.0
2021-11-22 00:00:00-05:00,46.20000076293945,46.5,43.599998474121094,43.79999923706055,14025,0.0,0.0
2021-11-23 00:00:00-05:00,43.79999923706055,46.099998474121094,42.400001525878906,43.400001525878906,10545,0.0,0.0
2021-11-24 00:00:00-05:00,43.0,59.0,42.0,53.0,196650,0.0,0.0
2021-11-26 00:00:00-05:00,49.20000076293945,50.400001525878906,45.400001525878906,49.0,31295,0.0,0.0
2021-11-29 00:00:00-05:00,49.400001525878906,49.900001525878906,46.0,48.79999923706055,20165,0.0,0.0
2021-11-30 00:00:00-05:00,48.0,48.20000076293945,42.20000076293945,43.599998474121094,31695,0.0,0.0
2021-12-01 00:00:00-05:00,43.0,44.79999923706055,38.0,38.0,31020,0.0,0.0
2021-12-02 00:00:00-05:00,39.20000076293945,40.20000076293945,36.599998474121094,39.400001525878906,13400,0.0,0.0
2021-12-03 00:00:00-05:00,39.20000076293945,39.400001525878906,35.0,35.400001525878906,16355,0.0,0.0
2021-12-06 00:00:00-05:00,35.20000076293945,38.20000076293945,32.400001525878906,37.400001525878906,13265,0.0,0.0
2021-12-07 00:00:00-05:00,37.400001525878906,40.599998474121094,37.400001525878906,39.20000076293945,17620,0.0,0.0
2021-12-08 00:00:00-05:00,40.0,40.79999923706055,38.0,39.79999923706055,7035,0.0,0.0
2021-12-09 00:00:00-05:00,38.599998474121094,41.0,37.79999923706055,38.599998474121094,10245,0.0,0.0
2021-12-10 00:00:00-05:00,39.400001525878906,40.400001525878906,35.599998474121094,35.599998474121094,11610,0.0,0.0
2021-12-13 00:00:00-05:00,35.79999923706055,36.599998474121094,34.20000076293945,34.400001525878906,15405,0.0,0.0
2021-12-14 00:00:00-05:00,33.79999923706055,34.58000183105469,31.0,32.0,34160,0.0,0.0
2021-12-15 00:00:00-05:00,31.600000381469727,35.400001525878906,30.799999237060547,35.0,13020,0.0,0.0
2021-12-16 00:00:00-05:00,35.20000076293945,38.79999923706055,33.400001525878906,33.79999923706055,13730,0.0,0.0
2021-12-17 00:00:00-05:00,33.599998474121094,37.79999923706055,32.79999923706055,37.20000076293945,22755,0.0,0.0
2021-12-20 00:00:00-05:00,35.79999923706055,35.79999923706055,33.20000076293945,34.599998474121094,13780,0.0,0.0
2021-12-21 00:00:00-05:00,34.79999923706055,36.599998474121094,34.599998474121094,35.20000076293945,8015,0.0,0.0
2021-12-22 00:00:00-05:00,34.599998474121094,35.599998474121094,34.0,34.599998474121094,7655,0.0,0.0
2021-12-23 00:00:00-05:00,34.68000030517578,35.79999923706055,34.0,35.0,6295,0.0,0.0
2021-12-27 00:00:00-05:00,34.599998474121094,34.79999923706055,32.79999923706055,33.20000076293945,10595,0.0,0.0
2021-12-28 00:00:00-05:00,33.20000076293945,33.779998779296875,30.600000381469727,31.200000762939453,47985,0.0,0.0
2021-12-29 00:00:00-05:00,31.799999237060547,32.400001525878906,29.799999237060547,31.200000762939453,28890,0.0,0.0
2021-12-30 00:00:00-05:00,30.799999237060547,33.0,30.399999618530273,32.20000076293945,17035,0.0,0.0
2021-12-31 00:00:00-05:00,31.600000381469727,35.400001525878906,31.200000762939453,34.400001525878906,26910,0.0,0.0
2022-01-03 00:00:00-05:00,34.400001525878906,36.20000076293945,32.79999923706055,35.599998474121094,12480,0.0,0.0
2022-01-04 00:00:00-05:00,37.20000076293945,37.79999923706055,33.400001525878906,35.400001525878906,14475,0.0,0.0
2022-01-05 00:00:00-05:00,35.79999923706055,36.0,31.799999237060547,31.799999237060547,11765,0.0,0.0
2022-01-06 00:00:00-05:00,32.040000915527344,32.79999923706055,30.0,30.399999618530273,11200,0.0,0.0
2022-01-07 00:00:00-05:00,30.799999237060547,32.79999923706055,29.799999237060547,30.200000762939453,19180,0.0,0.0
2022-01-10 00:00:00-05:00,29.799999237060547,30.0,27.600000381469727,29.799999237060547,12240,0.0,0.0
2022-01-11 00:00:00-05:00,29.200000762939453,31.399999618530273,29.0,30.0,5875,0.0,0.0
2022-01-12 00:00:00-05:00,30.600000381469727,30.899999618530273,28.600000381469727,28.600000381469727,8145,0.0,0.0
2022-01-13 00:00:00-05:00,28.600000381469727,29.15999984741211,27.0,27.399999618530273,4785,0.0,0.0
2022-01-14 00:00:00-05:00,27.399999618530273,28.200000762939453,27.139999389648438,27.799999237060547,3675,0.0,0.0
2022-01-18 00:00:00-05:00,28.0,28.600000381469727,25.399999618530273,26.0,14110,0.0,0.0
2022-01-19 00:00:00-05:00,26.34000015258789,27.0,24.600000381469727,26.200000762939453,4180,0.0,0.0
2022-01-20 00:00:00-05:00,26.200000762939453,27.399999618530273,23.600000381469727,24.200000762939453,8500,0.0,0.0
2022-01-21 00:00:00-05:00,24.200000762939453,25.799999237060547,23.200000762939453,25.0,10255,0.0,0.0
2022-01-24 00:00:00-05:00,23.0,26.200000762939453,22.600000381469727,26.0,11200,0.0,0.0
2022-01-25 00:00:00-05:00,25.799999237060547,25.799999237060547,23.399999618530273,24.799999237060547,6675,0.0,0.0
2022-01-26 00:00:00-05:00,25.0,26.600000381469727,23.600000381469727,24.0,3520,0.0,0.0
2022-01-27 00:00:00-05:00,24.200000762939453,24.600000381469727,20.0,21.399999618530273,14150,0.0,0.0
2022-01-28 00:00:00-05:00,21.799999237060547,23.0,19.260000228881836,22.600000381469727,16860,0.0,0.0
2022-01-31 00:00:00-05:00,22.200000762939453,26.399999618530273,20.600000381469727,26.399999618530273,11610,0.0,0.0
2022-02-01 00:00:00-05:00,26.600000381469727,29.200000762939453,25.200000762939453,28.799999237060547,10700,0.0,0.0
2022-02-02 00:00:00-05:00,29.399999618530273,29.799999237060547,24.799999237060547,26.200000762939453,13350,0.0,0.0
2022-02-03 00:00:00-05:00,25.0,25.920000076293945,23.799999237060547,24.399999618530273,3340,0.0,0.0
2022-02-04 00:00:00-05:00,24.200000762939453,25.600000381469727,24.0,24.399999618530273,3380,0.0,0.0
2022-02-07 00:00:00-05:00,25.0,26.200000762939453,24.600000381469727,25.399999618530273,1890,0.0,0.0
2022-02-08 00:00:00-05:00,25.600000381469727,25.799999237060547,23.399999618530273,24.0,3210,0.0,0.0
2022-02-09 00:00:00-05:00,24.0,25.600000381469727,24.0,25.0,4535,0.0,0.0
2022-02-10 00:00:00-05:00,24.399999618530273,29.0,22.799999237060547,26.0,8455,0.0,0.0
2022-02-11 00:00:00-05:00,25.799999237060547,26.81999969482422,23.399999618530273,24.200000762939453,15920,0.0,0.0
2022-02-14 00:00:00-05:00,23.799999237060547,24.600000381469727,22.600000381469727,23.0,9920,0.0,0.0
2022-02-15 00:00:00-05:00,23.799999237060547,24.399999618530273,22.0,22.399999618530273,12730,0.0,0.0
2022-02-16 00:00:00-05:00,22.399999618530273,22.399999618530273,21.200000762939453,21.399999618530273,5820,0.0,0.0
2022-02-17 00:00:00-05:00,22.600000381469727,22.600000381469727,21.0,21.399999618530273,9410,0.0,0.0
2022-02-18 00:00:00-05:00,21.079999923706055,21.399999618530273,19.200000762939453,20.399999618530273,5470,0.0,0.0
2022-02-22 00:00:00-05:00,20.0,21.0,20.0,20.399999618530273,3030,0.0,0.0
2022-02-23 00:00:00-05:00,20.799999237060547,21.200000762939453,19.0,19.84000015258789,4810,0.0,0.0
2022-02-24 00:00:00-05:00,19.0,19.959999084472656,18.0,19.920000076293945,12740,0.0,0.0
2022-02-25 00:00:00-05:00,20.0,20.600000381469727,19.200000762939453,19.219999313354492,5750,0.0,0.0
2022-02-28 00:00:00-05:00,19.399999618530273,21.399999618530273,19.399999618530273,21.0,5350,0.0,0.0
2022-03-01 00:00:00-05:00,21.0,23.799999237060547,21.0,22.600000381469727,8885,0.0,0.0
2022-03-02 00:00:00-05:00,22.399999618530273,25.0,22.399999618530273,24.799999237060547,8525,0.0,0.0
2022-03-03 00:00:00-05:00,24.600000381469727,24.600000381469727,24.0,24.200000762939453,6845,0.0,0.0
2022-03-04 00:00:00-05:00,24.200000762939453,24.200000762939453,21.399999618530273,21.799999237060547,3870,0.0,0.0
2022-03-07 00:00:00-05:00,22.600000381469727,22.600000381469727,20.600000381469727,21.0,3120,0.0,0.0
2022-03-08 00:00:00-05:00,21.600000381469727,21.799999237060547,20.6200008392334,20.799999237060547,3140,0.0,0.0
2022-03-09 00:00:00-05:00,21.0,21.600000381469727,20.399999618530273,20.600000381469727,3200,0.0,0.0
2022-03-10 00:00:00-05:00,19.600000381469727,20.799999237060547,19.600000381469727,20.600000381469727,3805,0.0,0.0
2022-03-11 00:00:00-05:00,19.81999969482422,20.799999237060547,19.600000381469727,19.799999237060547,7690,0.0,0.0
2022-03-14 00:00:00-04:00,20.200000762939453,20.399999618530273,19.799999237060547,20.0,3070,0.0,0.0
2022-03-15 00:00:00-04:00,20.600000381469727,20.600000381469727,20.0,20.0,2835,0.0,0.0
2022-03-16 00:00:00-04:00,20.399999618530273,21.600000381469727,20.0,21.399999618530273,3515,0.0,0.0
2022-03-17 00:00:00-04:00,21.399999618530273,21.899999618530273,20.600000381469727,21.0,4735,0.0,0.0
2022-03-18 00:00:00-04:00,20.200000762939453,22.700000762939453,20.0,21.399999618530273,3155,0.0,0.0
2022-03-21 00:00:00-04:00,21.399999618530273,21.399999618530273,20.0,20.600000381469727,4990,0.0,0.0
2022-03-22 00:00:00-04:00,20.799999237060547,22.399999618530273,20.420000076293945,22.399999618530273,2220,0.0,0.0
2022-03-23 00:00:00-04:00,22.399999618530273,23.899999618530273,22.0,22.200000762939453,4665,0.0,0.0
2022-03-24 00:00:00-04:00,22.200000762939453,24.200000762939453,22.0,24.200000762939453,7670,0.0,0.0
2022-03-25 00:00:00-04:00,24.0,24.8799991607666,23.0,23.600000381469727,4625,0.0,0.0
2022-03-28 00:00:00-04:00,24.399999618530273,24.399999618530273,21.100000381469727,22.399999618530273,3705,0.0,0.0
2022-03-29 00:00:00-04:00,22.600000381469727,24.0,22.0,22.399999618530273,8815,0.0,0.0
2022-03-30 00:00:00-04:00,22.200000762939453,23.799999237060547,22.200000762939453,22.600000381469727,1375,0.0,0.0
2022-03-31 00:00:00-04:00,22.600000381469727,23.0,21.600000381469727,22.200000762939453,7095,0.0,0.0
2022-04-01 00:00:00-04:00,22.600000381469727,23.799999237060547,21.600000381469727,22.600000381469727,5435,0.0,0.0
2022-04-04 00:00:00-04:00,23.200000762939453,28.0,22.600000381469727,25.799999237060547,16600,0.0,0.0
2022-04-05 00:00:00-04:00,26.200000762939453,27.600000381469727,23.600000381469727,24.0,15115,0.0,0.0
2022-04-06 00:00:00-04:00,23.600000381469727,24.399999618530273,23.0,24.0,2360,0.0,0.0
2022-04-07 00:00:00-04:00,25.0,25.739999771118164,22.399999618530273,22.799999237060547,9795,0.0,0.0
2022-04-08 00:00:00-04:00,22.799999237060547,23.799999237060547,22.0,22.399999618530273,4525,0.0,0.0
2022-04-11 00:00:00-04:00,21.600000381469727,22.0,20.399999618530273,20.600000381469727,5545,0.0,0.0
2022-04-12 00:00:00-04:00,20.399999618530273,21.0,19.600000381469727,20.600000381469727,5975,0.0,0.0
2022-04-13 00:00:00-04:00,20.200000762939453,21.200000762939453,20.200000762939453,20.399999618530273,2695,0.0,0.0
2022-04-14 00:00:00-04:00,20.799999237060547,21.200000762939453,19.600000381469727,20.0,2305,0.0,0.0
2022-04-18 00:00:00-04:00,20.200000762939453,21.0,19.100000381469727,19.6200008392334,8165,0.0,0.0
2022-04-19 00:00:00-04:00,19.200000762939453,20.200000762939453,19.200000762939453,19.219999313354492,3570,0.0,0.0
2022-04-20 00:00:00-04:00,19.200000762939453,19.700000762939453,16.6200008392334,17.459999084472656,12265,0.0,0.0
2022-04-21 00:00:00-04:00,17.040000915527344,19.200000762939453,17.040000915527344,17.200000762939453,3965,0.0,0.0
2022-04-22 00:00:00-04:00,17.780000686645508,17.780000686645508,15.9399995803833,16.420000076293945,3840,0.0,0.0
2022-04-25 00:00:00-04:00,16.399999618530273,17.239999771118164,15.0,15.979999542236328,4760,0.0,0.0
2022-04-26 00:00:00-04:00,15.4399995803833,16.799999237060547,15.100000381469727,15.199999809265137,2285,0.0,0.0
2022-04-27 00:00:00-04:00,15.140000343322754,16.0,15.0,15.65999984741211,3510,0.0,0.0
2022-04-28 00:00:00-04:00,15.619999885559082,16.059999465942383,14.65999984741211,15.699999809265137,3660,0.0,0.0
2022-04-29 00:00:00-04:00,16.0,16.0,14.65999984741211,14.739999771118164,2290,0.0,0.0
2022-05-02 00:00:00-04:00,14.680000305175781,15.720000267028809,14.199999809265137,14.539999961853027,3625,0.0,0.0
2022-05-03 00:00:00-04:00,15.34000015258789,15.579999923706055,13.460000038146973,13.819999694824219,6585,0.0,0.0
2022-05-04 00:00:00-04:00,14.199999809265137,15.960000038146973,13.220000267028809,15.0,6045,0.0,0.0
2022-05-05 00:00:00-04:00,16.68000030517578,16.68000030517578,13.640000343322754,14.199999809265137,4940,0.0,0.0
2022-05-06 00:00:00-04:00,13.699999809265137,14.140000343322754,11.720000267028809,12.0,10505,0.0,0.0
2022-05-09 00:00:00-04:00,11.640000343322754,13.199999809265137,9.979999542236328,11.600000381469727,14855,0.0,0.0
2022-05-10 00:00:00-04:00,12.0600004196167,12.319999694824219,11.0,11.880000114440918,5720,0.0,0.0
2022-05-11 00:00:00-04:00,11.880000114440918,12.4399995803833,10.779999732971191,10.899999618530273,15090,0.0,0.0
2022-05-12 00:00:00-04:00,11.34000015258789,13.680000305175781,10.739999771118164,11.680000305175781,4550,0.0,0.0
2022-05-13 00:00:00-04:00,11.600000381469727,11.65999984741211,11.039999961853027,11.300000190734863,8885,0.0,0.0
2022-05-16 00:00:00-04:00,11.399999618530273,11.399999618530273,10.699999809265137,11.399999618530273,5190,0.0,0.0
2022-05-17 00:00:00-04:00,11.260000228881836,11.739999771118164,11.199999809265137,11.399999618530273,4590,0.0,0.0
2022-05-18 00:00:00-04:00,11.800000190734863,11.800000190734863,11.079999923706055,11.199999809265137,4130,0.0,0.0
2022-05-19 00:00:00-04:00,11.15999984741211,11.800000190734863,11.15999984741211,11.600000381469727,4840,0.0,0.0
2022-05-20 00:00:00-04:00,11.399999618530273,12.399999618530273,11.0,11.020000457763672,2110,0.0,0.0
2022-05-23 00:00:00-04:00,13.760000228881836,13.760000228881836,10.920000076293945,11.680000305175781,2925,0.0,0.0
2022-05-24 00:00:00-04:00,12.0,12.199999809265137,10.399999618530273,10.600000381469727,3790,0.0,0.0
2022-05-25 00:00:00-04:00,10.199999809265137,12.199999809265137,10.199999809265137,11.720000267028809,1240,0.0,0.0
2022-05-26 00:00:00-04:00,11.859999656677246,12.199999809265137,11.020000457763672,11.020000457763672,2660,0.0,0.0
2022-05-27 00:00:00-04:00,11.640000343322754,12.199999809265137,11.0,11.899999618530273,2815,0.0,0.0
2022-05-31 00:00:00-04:00,11.739999771118164,12.84000015258789,11.539999961853027,12.460000038146973,3945,0.0,0.0
2022-06-01 00:00:00-04:00,13.199999809265137,13.199999809265137,12.0,12.220000267028809,22425,0.0,0.0
2022-06-02 00:00:00-04:00,12.220000267028809,12.739999771118164,11.699999809265137,12.0,10830,0.0,0.0
2022-06-03 00:00:00-04:00,12.0,12.300000190734863,11.800000190734863,11.899999618530273,7090,0.0,0.0
2022-06-06 00:00:00-04:00,13.199999809265137,13.920000076293945,12.600000381469727,12.920000076293945,24545,0.0,0.0
2022-06-07 00:00:00-04:00,13.800000190734863,14.199999809265137,11.699999809265137,13.479999542236328,25410,0.0,0.0
2022-06-08 00:00:00-04:00,13.399999618530273,17.219999313354492,12.979999542236328,15.979999542236328,19815,0.0,0.0
2022-06-09 00:00:00-04:00,17.3799991607666,17.799999237060547,15.4399995803833,16.479999542236328,19385,0.0,0.0
2022-06-10 00:00:00-04:00,14.680000305175781,19.579999923706055,12.600000381469727,13.15999984741211,210120,0.0,0.0
2022-06-13 00:00:00-04:00,11.079999923706055,12.0,10.0,10.800000190734863,24675,0.0,0.0
2022-06-14 00:00:00-04:00,11.0,11.859999656677246,10.199999809265137,10.600000381469727,24680,0.0,0.0
2022-06-15 00:00:00-04:00,10.800000190734863,10.859999656677246,9.260000228881836,9.739999771118164,19795,0.0,0.0
2022-06-16 00:00:00-04:00,9.640000343322754,9.640000343322754,9.220000267028809,9.420000076293945,4305,0.0,0.0
2022-06-17 00:00:00-04:00,10.0,10.600000381469727,9.4399995803833,9.4399995803833,20455,0.0,0.0
2022-06-21 00:00:00-04:00,10.0,11.600000381469727,9.699999809265137,9.800000190734863,24135,0.0,0.0
2022-06-22 00:00:00-04:00,10.0,10.960000038146973,9.800000190734863,10.140000343322754,15295,0.0,0.0
2022-06-23 00:00:00-04:00,10.199999809265137,11.0,10.15999984741211,10.699999809265137,18740,0.0,0.0
2022-06-24 00:00:00-04:00,11.399999618530273,13.979999542236328,10.600000381469727,10.600000381469727,48590,0.0,0.0
2022-06-27 00:00:00-04:00,12.0,12.359999656677246,11.0,12.100000381469727,18020,0.0,0.0
2022-06-28 00:00:00-04:00,12.399999618530273,12.4399995803833,11.4399995803833,11.4399995803833,11025,0.0,0.0
2022-06-29 00:00:00-04:00,12.0,12.0,10.420000076293945,11.0,13440,0.0,0.0
2022-06-30 00:00:00-04:00,10.680000305175781,11.100000381469727,10.520000457763672,10.979999542236328,6900,0.0,0.0
2022-07-01 00:00:00-04:00,11.199999809265137,12.0,10.65999984741211,11.600000381469727,5460,0.0,0.0
2022-07-05 00:00:00-04:00,11.779999732971191,12.260000228881836,11.020000457763672,12.0,2375,0.0,0.0
2022-07-06 00:00:00-04:00,12.199999809265137,13.319999694824219,12.0,13.0,4465,0.0,0.0
2022-07-07 00:00:00-04:00,13.760000228881836,13.760000228881836,13.0,13.34000015258789,2530,0.0,0.0
2022-07-08 00:00:00-04:00,13.079999923706055,14.600000381469727,13.0,14.5,8100,0.0,0.0
2022-07-11 00:00:00-04:00,14.399999618530273,14.4399995803833,13.140000343322754,14.239999771118164,4735,0.0,0.0
2022-07-12 00:00:00-04:00,14.600000381469727,16.399999618530273,14.600000381469727,16.399999618530273,7590,0.0,0.0
2022-07-13 00:00:00-04:00,17.200000762939453,18.540000915527344,16.5,18.260000228881836,9250,0.0,0.0
2022-07-14 00:00:00-04:00,17.799999237060547,18.600000381469727,17.200000762939453,18.299999237060547,3190,0.0,0.0
2022-07-15 00:00:00-04:00,18.399999618530273,18.739999771118164,17.799999237060547,18.1200008392334,2855,0.0,0.0
2022-07-18 00:00:00-04:00,18.1200008392334,18.399999618530273,16.0,16.700000762939453,4025,0.0,0.0
2022-07-19 00:00:00-04:00,17.799999237060547,17.799999237060547,16.700000762939453,17.0,1740,0.0,0.0
2022-07-20 00:00:00-04:00,16.399999618530273,17.600000381469727,16.360000610351562,17.0,2590,0.0,0.0
2022-07-21 00:00:00-04:00,16.68000030517578,18.0,16.68000030517578,17.0,1885,0.0,0.0
2022-07-22 00:00:00-04:00,16.799999237060547,18.0,16.399999618530273,16.979999542236328,6835,0.0,0.0
2022-07-25 00:00:00-04:00,16.399999618530273,17.280000686645508,15.239999771118164,15.5,3900,0.0,0.0
2022-07-26 00:00:00-04:00,14.180000305175781,16.200000762939453,14.180000305175781,15.800000190734863,3560,0.0,0.0
2022-07-27 00:00:00-04:00,15.800000190734863,15.800000190734863,14.760000228881836,15.399999618530273,3765,0.0,0.0
2022-07-28 00:00:00-04:00,15.399999618530273,18.799999237060547,15.0,18.799999237060547,16160,0.0,0.0
2022-07-29 00:00:00-04:00,17.200000762939453,19.600000381469727,17.200000762939453,19.200000762939453,9235,0.0,0.0
2022-08-01 00:00:00-04:00,17.799999237060547,19.600000381469727,13.600000381469727,15.399999618530273,17770,0.0,0.0
2022-08-02 00:00:00-04:00,15.020000457763672,16.940000534057617,14.600000381469727,16.799999237060547,7730,0.0,0.0
2022-08-03 00:00:00-04:00,16.940000534057617,19.0,16.799999237060547,18.6200008392334,12925,0.0,0.0
2022-08-04 00:00:00-04:00,19.200000762939453,19.399999618530273,17.540000915527344,18.15999984741211,5645,0.0,0.0
2022-08-05 00:00:00-04:00,18.15999984741211,19.200000762939453,17.799999237060547,18.0,8925,0.0,0.0
2022-08-08 00:00:00-04:00,18.68000030517578,25.0,18.360000610351562,23.0,21095,0.0,0.0
2022-08-09 00:00:00-04:00,22.799999237060547,24.399999618530273,18.0,19.0,27420,0.0,0.0
2022-08-10 00:00:00-04:00,19.5,20.600000381469727,18.600000381469727,19.200000762939453,11975,0.0,0.0
2022-08-11 00:00:00-04:00,19.200000762939453,20.600000381469727,18.600000381469727,19.600000381469727,7610,0.0,0.0
2022-08-12 00:00:00-04:00,18.600000381469727,19.200000762939453,18.200000762939453,18.600000381469727,10215,0.0,0.0
2022-08-15 00:00:00-04:00,19.0,19.059999465942383,17.059999465942383,17.799999237060547,5090,0.0,0.0
2022-08-16 00:00:00-04:00,17.600000381469727,19.0,17.600000381469727,18.200000762939453,3545,0.0,0.0
2022-08-17 00:00:00-04:00,18.219999313354492,18.399999618530273,16.8799991607666,16.8799991607666,6975,0.0,0.0
2022-08-18 00:00:00-04:00,16.600000381469727,18.360000610351562,16.600000381469727,17.399999618530273,3110,0.0,0.0
2022-08-19 00:00:00-04:00,17.600000381469727,17.920000076293945,15.600000381469727,17.0,9795,0.0,0.0
2022-08-22 00:00:00-04:00,17.0,17.799999237060547,15.859999656677246,15.880000114440918,2665,0.0,0.0
2022-08-23 00:00:00-04:00,17.399999618530273,17.399999618530273,15.899999618530273,16.200000762939453,4575,0.0,0.0
2022-08-24 00:00:00-04:00,16.0,16.3799991607666,14.880000114440918,15.020000457763672,5085,0.0,0.0
2022-08-25 00:00:00-04:00,15.579999923706055,15.800000190734863,15.15999984741211,15.399999618530273,1565,0.0,0.0
2022-08-26 00:00:00-04:00,15.800000190734863,16.200000762939453,14.800000190734863,15.0,3655,0.0,0.0
2022-08-29 00:00:00-04:00,15.420000076293945,16.799999237060547,15.0,16.200000762939453,10540,0.0,0.0
2022-08-30 00:00:00-04:00,17.0,17.0,15.600000381469727,16.239999771118164,3340,0.0,0.0
2022-08-31 00:00:00-04:00,15.800000190734863,16.799999237060547,15.800000190734863,16.799999237060547,1345,0.0,0.0
2022-09-01 00:00:00-04:00,16.700000762939453,17.0,15.819999694824219,16.0,2485,0.0,0.0
2022-09-02 00:00:00-04:00,15.800000190734863,17.65999984741211,15.800000190734863,17.65999984741211,6635,0.0,0.0
2022-09-06 00:00:00-04:00,18.799999237060547,18.799999237060547,17.200000762939453,17.479999542236328,5865,0.0,0.0
2022-09-07 00:00:00-04:00,17.479999542236328,17.700000762939453,15.800000190734863,16.079999923706055,2545,0.0,0.0
2022-09-08 00:00:00-04:00,15.800000190734863,18.600000381469727,15.399999618530273,18.280000686645508,9275,0.0,0.0
2022-09-09 00:00:00-04:00,19.200000762939453,19.719999313354492,17.280000686645508,19.0,6055,0.0,0.0
2022-09-12 00:00:00-04:00,19.059999465942383,21.799999237060547,18.399999618530273,21.200000762939453,9835,0.0,0.0
2022-09-13 00:00:00-04:00,21.799999237060547,21.799999237060547,17.700000762939453,19.799999237060547,14405,0.0,0.0
2022-09-14 00:00:00-04:00,19.200000762939453,20.200000762939453,18.059999465942383,18.1200008392334,5195,0.0,0.0
2022-09-15 00:00:00-04:00,19.059999465942383,20.0,18.0,18.399999618530273,5570,0.0,0.0
2022-09-16 00:00:00-04:00,18.200000762939453,19.780000686645508,17.34000015258789,19.780000686645508,7955,0.0,0.0
2022-09-19 00:00:00-04:00,20.0,20.0,18.399999618530273,20.0,2940,0.0,0.0
2022-09-20 00:00:00-04:00,19.799999237060547,20.600000381469727,18.15999984741211,19.600000381469727,5300,0.0,0.0
2022-09-21 00:00:00-04:00,19.780000686645508,19.780000686645508,17.100000381469727,18.100000381469727,2995,0.0,0.0
2022-09-22 00:00:00-04:00,18.200000762939453,18.399999618530273,17.100000381469727,17.979999542236328,2580,0.0,0.0
2022-09-23 00:00:00-04:00,17.399999618530273,19.799999237060547,16.059999465942383,16.81999969482422,3955,0.0,0.0
2022-09-26 00:00:00-04:00,17.3799991607666,17.799999237060547,16.0,16.799999237060547,1120,0.0,0.0
2022-09-27 00:00:00-04:00,17.3799991607666,17.799999237060547,16.020000457763672,16.799999237060547,6045,0.0,0.0
2022-09-28 00:00:00-04:00,16.399999618530273,17.799999237060547,16.0,17.0,3720,0.0,0.0
2022-09-29 00:00:00-04:00,17.5,18.799999237060547,17.200000762939453,18.200000762939453,3175,0.0,0.0
2022-09-30 00:00:00-04:00,18.0,18.200000762939453,17.200000762939453,17.200000762939453,6910,0.0,0.0
2022-10-03 00:00:00-04:00,17.399999618530273,19.0,17.200000762939453,18.079999923706055,5700,0.0,0.0
2022-10-04 00:00:00-04:00,18.780000686645508,19.360000610351562,18.020000457763672,18.65999984741211,4285,0.0,0.0
2022-10-05 00:00:00-04:00,19.31999969482422,19.799999237060547,18.200000762939453,18.799999237060547,2360,0.0,0.0
2022-10-06 00:00:00-04:00,15.800000190734863,15.800000190734863,10.399999618530273,11.739999771118164,62690,0.0,0.0
2022-10-07 00:00:00-04:00,11.800000190734863,12.15999984741211,10.600000381469727,10.600000381469727,16025,0.0,0.0
2022-10-10 00:00:00-04:00,11.0,11.0,8.800000190734863,8.920000076293945,15115,0.0,0.0
2022-10-11 00:00:00-04:00,8.65999984741211,9.0,7.0,7.460000038146973,43100,0.0,0.0
2022-10-12 00:00:00-04:00,7.539999961853027,8.0,7.199999809265137,7.659999847412109,8595,0.0,0.0
2022-10-13 00:00:00-04:00,7.599999904632568,8.0,7.440000057220459,7.800000190734863,6600,0.0,0.0
2022-10-14 00:00:00-04:00,7.599999904632568,8.539999961853027,7.599999904632568,8.319999694824219,5600,0.0,0.0
2022-10-17 00:00:00-04:00,9.0,9.600000381469727,7.0,7.0,18500,0.0,0.0
2022-10-18 00:00:00-04:00,8.239999771118164,8.239999771118164,7.400000095367432,7.940000057220459,6245,0.0,0.0
2022-10-19 00:00:00-04:00,8.539999961853027,8.539999961853027,7.420000076293945,7.599999904632568,4845,0.0,0.0
2022-10-20 00:00:00-04:00,7.980000019073486,8.119999885559082,7.619999885559082,7.639999866485596,2660,0.0,0.0
2022-10-21 00:00:00-04:00,7.599999904632568,7.960000038146973,7.400000095367432,7.599999904632568,4445,0.0,0.0
2022-10-24 00:00:00-04:00,8.760000228881836,12.0,8.0,9.479999542236328,128695,0.0,0.0
2022-10-25 00:00:00-04:00,9.600000381469727,9.800000190734863,8.260000228881836,8.960000038146973,22000,0.0,0.0
2022-10-26 00:00:00-04:00,8.680000305175781,9.0,8.239999771118164,9.0,8310,0.0,0.0
2022-10-27 00:00:00-04:00,9.0,11.0,8.5,10.760000228881836,13765,0.0,0.0
2022-10-28 00:00:00-04:00,11.0,12.399999618530273,10.0,11.520000457763672,16680,0.0,0.0
2022-10-31 00:00:00-04:00,12.0,12.199999809265137,11.0,11.0,5670,0.0,0.0
2022-11-01 00:00:00-04:00,10.979999542236328,11.760000228881836,10.979999542236328,11.300000190734863,19915,0.0,0.0
2022-11-02 00:00:00-04:00,11.399999618530273,11.399999618530273,10.699999809265137,11.180000305175781,1755,0.0,0.0
2022-11-03 00:00:00-04:00,10.640000343322754,11.5600004196167,10.399999618530273,10.800000190734863,1405,0.0,0.0
2022-11-04 00:00:00-04:00,10.279999732971191,10.800000190734863,8.5,8.600000381469727,20000,0.0,0.0
2022-11-07 00:00:00-05:00,9.239999771118164,9.239999771118164,7.820000171661377,8.960000038146973,12285,0.0,0.0
2022-11-08 00:00:00-05:00,8.960000038146973,9.5600004196167,8.640000343322754,9.180000305175781,8095,0.0,0.0
2022-11-09 00:00:00-05:00,8.600000381469727,9.739999771118164,8.4399995803833,9.579999923706055,6425,0.0,0.0
2022-11-10 00:00:00-05:00,9.460000038146973,9.600000381469727,8.800000190734863,9.5,4695,0.0,0.0
2022-11-11 00:00:00-05:00,9.600000381469727,10.199999809265137,9.600000381469727,10.15999984741211,4210,0.0,0.0
2022-11-14 00:00:00-05:00,10.0,10.859999656677246,9.800000190734863,10.5,6010,0.0,0.0
2022-11-15 00:00:00-05:00,10.600000381469727,11.0,9.9399995803833,10.300000190734863,1955,0.0,0.0
2022-11-16 00:00:00-05:00,10.300000190734863,10.399999618530273,9.600000381469727,9.899999618530273,7175,0.0,0.0
2022-11-17 00:00:00-05:00,9.600000381469727,10.100000381469727,9.600000381469727,9.739999771118164,2370,0.0,0.0
2022-11-18 00:00:00-05:00,9.800000190734863,10.399999618530273,9.800000190734863,10.399999618530273,4550,0.0,0.0
2022-11-21 00:00:00-05:00,10.300000190734863,11.899999618530273,10.300000190734863,11.199999809265137,19195,0.0,0.0
2022-11-22 00:00:00-05:00,12.0,15.640000343322754,11.800000190734863,15.039999961853027,58170,0.0,0.0
2022-11-23 00:00:00-05:00,16.280000686645508,17.5,15.119999885559082,15.880000114440918,18425,0.0,0.0
2022-11-25 00:00:00-05:00,16.200000762939453,16.5,15.600000381469727,15.739999771118164,5150,0.0,0.0
2022-11-28 00:00:00-05:00,15.600000381469727,16.5,15.300000190734863,16.0,5635,0.0,0.0
2022-11-29 00:00:00-05:00,15.760000228881836,17.0,15.760000228881836,16.600000381469727,3215,0.0,0.0
2022-11-30 00:00:00-05:00,16.899999618530273,19.0,16.0,19.0,9180,0.0,0.0
2022-12-01 00:00:00-05:00,19.139999389648438,19.65999984741211,17.31999969482422,17.6200008392334,4940,0.0,0.0
2022-12-02 00:00:00-05:00,17.520000457763672,18.100000381469727,17.200000762939453,17.520000457763672,4480,0.0,0.0
2022-12-05 00:00:00-05:00,17.200000762939453,17.200000762939453,15.600000381469727,16.399999618530273,8380,0.0,0.0
2022-12-06 00:00:00-05:00,15.899999618530273,16.100000381469727,13.079999923706055,13.800000190734863,4960,0.0,0.0
2022-12-07 00:00:00-05:00,13.800000190734863,14.9399995803833,13.800000190734863,14.0,5525,0.0,0.0
2022-12-08 00:00:00-05:00,13.600000381469727,14.600000381469727,12.4399995803833,12.779999732971191,4205,0.0,0.0
2022-12-09 00:00:00-05:00,13.399999618530273,14.920000076293945,12.800000190734863,14.920000076293945,7785,0.0,0.0
2022-12-12 00:00:00-05:00,15.199999809265137,17.799999237060547,15.199999809265137,17.299999237060547,6200,0.0,0.0
2022-12-13 00:00:00-05:00,18.0,18.600000381469727,15.5,15.920000076293945,5755,0.0,0.0
2022-12-14 00:00:00-05:00,15.920000076293945,16.200000762939453,12.579999923706055,13.0,16840,0.0,0.0
2022-12-15 00:00:00-05:00,12.65999984741211,14.399999618530273,12.0,12.420000076293945,19275,0.0,0.0
2022-12-16 00:00:00-05:00,13.600000381469727,14.0,12.399999618530273,13.479999542236328,13680,0.0,0.0
2022-12-19 00:00:00-05:00,13.600000381469727,13.880000114440918,11.600000381469727,12.199999809265137,7340,0.0,0.0
2022-12-20 00:00:00-05:00,12.199999809265137,13.960000038146973,12.0,12.760000228881836,2150,0.0,0.0
2022-12-21 00:00:00-05:00,12.420000076293945,12.420000076293945,10.84000015258789,11.5,5160,0.0,0.0
2022-12-22 00:00:00-05:00,11.800000190734863,11.979999542236328,10.0,10.220000267028809,10020,0.0,0.0
2022-12-23 00:00:00-05:00,10.15999984741211,11.5,10.15999984741211,10.920000076293945,2130,0.0,0.0
2022-12-27 00:00:00-05:00,10.359999656677246,11.100000381469727,9.520000457763672,9.600000381469727,6700,0.0,0.0
2022-12-28 00:00:00-05:00,9.199999809265137,10.319999694824219,9.039999961853027,9.220000267028809,12450,0.0,0.0
2022-12-29 00:00:00-05:00,9.0,10.399999618530273,9.0,10.399999618530273,22175,0.0,0.0
2022-12-30 00:00:00-05:00,10.399999618530273,13.199999809265137,10.399999618530273,13.119999885559082,6860,0.0,0.0
2023-01-03 00:00:00-05:00,13.600000381469727,14.020000457763672,12.199999809265137,13.399999618530273,5730,0.0,0.0
2023-01-04 00:00:00-05:00,12.9399995803833,13.600000381469727,12.140000343322754,13.199999809265137,2265,0.0,0.0
2023-01-05 00:00:00-05:00,12.600000381469727,13.199999809265137,11.880000114440918,12.0,2565,0.0,0.0
2023-01-06 00:00:00-05:00,12.9399995803833,12.9399995803833,11.600000381469727,12.65999984741211,1375,0.0,0.0
2023-01-09 00:00:00-05:00,12.600000381469727,12.600000381469727,11.680000305175781,11.899999618530273,3650,0.0,0.0
2023-01-10 00:00:00-05:00,11.420000076293945,13.260000228881836,11.420000076293945,11.600000381469727,2350,0.0,0.0
2023-01-11 00:00:00-05:00,11.84000015258789,12.960000038146973,11.600000381469727,12.0,1610,0.0,0.0
2023-01-12 00:00:00-05:00,12.199999809265137,12.800000190734863,11.65999984741211,12.0,9180,0.0,0.0
2023-01-13 00:00:00-05:00,12.199999809265137,13.0600004196167,12.020000457763672,12.420000076293945,2780,0.0,0.0
2023-01-17 00:00:00-05:00,12.4399995803833,14.0,11.720000267028809,14.0,8465,0.0,0.0
2023-01-18 00:00:00-05:00,14.359999656677246,14.359999656677246,13.199999809265137,13.4399995803833,5790,0.0,0.0
2023-01-19 00:00:00-05:00,13.460000038146973,14.0,12.199999809265137,13.800000190734863,3495,0.0,0.0
2023-01-20 00:00:00-05:00,14.0,15.0,13.460000038146973,14.279999732971191,8625,0.0,0.0
2023-01-23 00:00:00-05:00,13.399999618530273,13.800000190734863,13.199999809265137,13.579999923706055,3810,0.0,0.0
2023-01-24 00:00:00-05:00,13.199999809265137,13.460000038146973,12.0,12.579999923706055,8325,0.0,0.0
2023-01-25 00:00:00-05:00,12.0,12.579999923706055,11.359999656677246,12.300000190734863,3805,0.0,0.0
2023-01-26 00:00:00-05:00,12.600000381469727,14.0,11.720000267028809,13.800000190734863,13105,0.0,0.0
2023-01-27 00:00:00-05:00,14.140000343322754,14.319999694824219,13.140000343322754,13.4399995803833,2750,0.0,0.0
2023-01-30 00:00:00-05:00,13.0,13.420000076293945,12.600000381469727,12.800000190734863,2160,0.0,0.0
2023-01-31 00:00:00-05:00,12.680000305175781,13.960000038146973,12.640000343322754,13.420000076293945,1790,0.0,0.0
2023-02-01 00:00:00-05:00,13.399999618530273,14.319999694824219,12.720000267028809,12.859999656677246,2325,0.0,0.0
2023-02-02 00:00:00-05:00,12.859999656677246,16.0,12.84000015258789,14.699999809265137,24485,0.0,0.0
2023-02-03 00:00:00-05:00,14.0,14.5,13.399999618530273,13.65999984741211,7330,0.0,0.0
2023-02-06 00:00:00-05:00,14.0,16.0,13.279999732971191,13.960000038146973,2885,0.0,0.0
2023-02-07 00:00:00-05:00,14.0,14.359999656677246,13.600000381469727,13.699999809265137,2405,0.0,0.0
2023-02-08 00:00:00-05:00,13.920000076293945,14.0,13.399999618530273,13.600000381469727,1945,0.0,0.0
2023-02-09 00:00:00-05:00,13.579999923706055,14.399999618530273,13.5,13.539999961853027,2840,0.0,0.0
2023-02-10 00:00:00-05:00,13.199999809265137,16.0,13.199999809265137,15.15999984741211,8605,0.0,0.0
2023-02-13 00:00:00-05:00,16.479999542236328,16.479999542236328,15.0,15.979999542236328,8885,0.0,0.0
2023-02-14 00:00:00-05:00,15.979999542236328,19.139999389648438,14.5,18.0,9710,0.0,0.0
2023-02-15 00:00:00-05:00,17.799999237060547,17.799999237060547,15.100000381469727,15.760000228881836,6770,0.0,0.0
2023-02-16 00:00:00-05:00,15.279999732971191,16.0,14.5600004196167,14.680000305175781,9525,0.0,0.0
2023-02-17 00:00:00-05:00,14.800000190734863,16.18000030517578,14.600000381469727,15.859999656677246,6050,0.0,0.0
2023-02-21 00:00:00-05:00,16.200000762939453,16.200000762939453,14.0,14.800000190734863,15325,0.0,0.0
2023-02-22 00:00:00-05:00,14.979999542236328,14.979999542236328,14.5,14.5,600,0.0,0.0
2023-02-23 00:00:00-05:00,14.399999618530273,14.699999809265137,13.0,13.539999961853027,3945,0.0,0.0
2023-02-24 00:00:00-05:00,12.039999961853027,13.520000457763672,11.859999656677246,12.199999809265137,5730,0.0,0.0
2023-02-27 00:00:00-05:00,12.399999618530273,12.779999732971191,11.65999984741211,12.0,2685,0.0,0.0
2023-02-28 00:00:00-05:00,12.0,13.779999732971191,11.739999771118164,13.020000457763672,1675,0.0,0.0
2023-03-01 00:00:00-05:00,12.100000381469727,13.779999732971191,12.079999923706055,13.279999732971191,1725,0.0,0.0
2023-03-02 00:00:00-05:00,12.979999542236328,13.399999618530273,12.039999961853027,12.899999618530273,2845,0.0,0.0
2023-03-03 00:00:00-05:00,13.720000267028809,13.720000267028809,12.100000381469727,13.0,1855,0.0,0.0
2023-03-06 00:00:00-05:00,13.34000015258789,13.380000114440918,12.399999618530273,13.0,2285,0.0,0.0
2023-03-07 00:00:00-05:00,12.600000381469727,13.34000015258789,12.020000457763672,12.979999542236328,1540,0.0,0.0
2023-03-08 00:00:00-05:00,12.979999542236328,13.0,12.199999809265137,12.239999771118164,1620,0.0,0.0
2023-03-09 00:00:00-05:00,12.199999809265137,12.399999618530273,11.600000381469727,12.0,2000,0.0,0.0
2023-03-10 00:00:00-05:00,11.399999618530273,12.199999809265137,10.619999885559082,12.100000381469727,2355,0.0,0.0
2023-03-13 00:00:00-04:00,11.34000015258789,13.0,11.34000015258789,11.800000190734863,1755,0.0,0.0
2023-03-14 00:00:00-04:00,12.020000457763672,13.100000381469727,11.399999618530273,11.399999618530273,3045,0.0,0.0
2023-03-15 00:00:00-04:00,11.600000381469727,12.180000305175781,10.420000076293945,10.420000076293945,5810,0.0,0.0
2023-03-16 00:00:00-04:00,10.239999771118164,10.800000190734863,9.260000228881836,9.600000381469727,10860,0.0,0.0
2023-03-17 00:00:00-04:00,9.319999694824219,11.0,9.0600004196167,11.0,7210,0.0,0.0
2023-03-20 00:00:00-04:00,10.65999984741211,11.800000190734863,10.399999618530273,10.899999618530273,1070,0.0,0.0
2023-03-21 00:00:00-04:00,10.800000190734863,11.0,10.420000076293945,10.720000267028809,2510,0.0,0.0
2023-03-22 00:00:00-04:00,10.619999885559082,10.699999809265137,10.399999618530273,10.399999618530273,2775,0.0,0.0
2023-03-23 00:00:00-04:00,10.199999809265137,10.800000190734863,8.020000457763672,9.199999809265137,40835,0.0,0.0
2023-03-24 00:00:00-04:00,9.15999984741211,9.199999809265137,8.300000190734863,8.739999771118164,6330,0.0,0.0
2023-03-27 00:00:00-04:00,10.600000381469727,12.039999961853027,9.399999618530273,10.800000190734863,484350,0.0,0.0
2023-03-28 00:00:00-04:00,9.5,10.34000015258789,9.020000457763672,9.140000343322754,29220,0.0,0.0
2023-03-29 00:00:00-04:00,9.0,9.600000381469727,8.460000038146973,9.0,7815,0.0,0.0
2023-03-30 00:00:00-04:00,9.119999885559082,9.119999885559082,8.600000381469727,8.920000076293945,2515,0.0,0.0
2023-03-31 00:00:00-04:00,8.800000190734863,9.0,8.100000381469727,8.680000305175781,6800,0.0,0.0
2023-04-03 00:00:00-04:00,8.460000038146973,8.65999984741211,6.800000190734863,7.119999885559082,24640,0.0,0.0
2023-04-04 00:00:00-04:00,7.400000095367432,7.639999866485596,6.599999904632568,6.659999847412109,11055,0.0,0.0
2023-04-05 00:00:00-04:00,6.599999904632568,7.199999809265137,6.179999828338623,6.199999809265137,9180,0.0,0.0
2023-04-06 00:00:00-04:00,6.019999980926514,7.599999904632568,6.019999980926514,6.559999942779541,15620,0.0,0.0
2023-04-10 00:00:00-04:00,6.320000171661377,6.960000038146973,6.099999904632568,6.5,5075,0.0,0.0
2023-04-11 00:00:00-04:00,6.239999771118164,6.400000095367432,6.019999980926514,6.099999904632568,7120,0.0,0.0
2023-04-12 00:00:00-04:00,6.099999904632568,6.099999904632568,5.420000076293945,5.5,7235,0.0,0.0
2023-04-13 00:00:00-04:00,5.960000038146973,6.340000152587891,5.340000152587891,5.599999904632568,8070,0.0,0.0
2023-04-14 00:00:00-04:00,6.099999904632568,6.099999904632568,5.539999961853027,5.800000190734863,11465,0.0,0.0
2023-04-17 00:00:00-04:00,5.659999847412109,6.900000095367432,5.659999847412109,6.880000114440918,11370,0.0,0.0
2023-04-18 00:00:00-04:00,6.400000095367432,7.0,6.260000228881836,6.400000095367432,4635,0.0,0.0
2023-04-19 00:00:00-04:00,6.800000190734863,7.0,6.400000095367432,6.599999904632568,2920,0.0,0.0
2023-04-20 00:00:00-04:00,6.800000190734863,6.800000190734863,6.039999961853027,6.400000095367432,2840,0.0,0.0
2023-04-21 00:00:00-04:00,6.260000228881836,6.400000095367432,5.699999809265137,5.960000038146973,9555,0.0,0.0
2023-04-24 00:00:00-04:00,6.139999866485596,6.139999866485596,5.599999904632568,5.800000190734863,3165,0.0,0.0
2023-04-25 00:00:00-04:00,5.599999904632568,5.679999828338623,5.5,5.579999923706055,4365,0.0,0.0
2023-04-26 00:00:00-04:00,5.599999904632568,5.880000114440918,5.599999904632568,5.699999809265137,3495,0.0,0.0
2023-04-27 00:00:00-04:00,5.960000038146973,6.0,5.420000076293945,5.519999980926514,3445,0.0,0.0
2023-04-28 00:00:00-04:00,5.179999828338623,6.159999847412109,5.179999828338623,5.519999980926514,3505,0.0,0.0
2023-05-01 00:00:00-04:00,5.340000152587891,6.199999809265137,5.340000152587891,5.599999904632568,3250,0.0,0.0
2023-05-02 00:00:00-04:00,4.539999961853027,5.21999979019165,4.539999961853027,5.179999828338623,10525,0.0,0.0
2023-05-03 00:00:00-04:00,5.059999942779541,5.699999809265137,5.059999942779541,5.340000152587891,1895,0.0,0.0
2023-05-04 00:00:00-04:00,5.360000133514404,5.980000019073486,5.059999942779541,5.519999980926514,2785,0.0,0.0
2023-05-05 00:00:00-04:00,5.239999771118164,5.800000190734863,5.239999771118164,5.659999847412109,2580,0.0,0.0
2023-05-08 00:00:00-04:00,5.679999828338623,6.0,5.679999828338623,5.920000076293945,1330,0.0,0.0
2023-05-09 00:00:00-04:00,5.880000114440918,6.599999904632568,5.71999979019165,6.260000228881836,7705,0.0,0.0
2023-05-10 00:00:00-04:00,6.559999942779541,6.559999942779541,5.860000133514404,6.099999904632568,2205,0.0,0.0
2023-05-11 00:00:00-04:00,5.900000095367432,6.159999847412109,5.380000114440918,5.960000038146973,30840,0.0,0.0
2023-05-12 00:00:00-04:00,5.679999828338623,5.800000190734863,4.0,4.460000038146973,33215,0.0,0.0
2023-05-15 00:00:00-04:00,4.599999904632568,4.980000019073486,3.640000104904175,3.819999933242798,38240,0.0,0.0
2023-05-16 00:00:00-04:00,3.819999933242798,5.989999771118164,3.799999952316284,5.380000114440918,766400,0.0,0.05
2023-05-17 00:00:00-04:00,5.050000190734863,5.445000171661377,4.639999866485596,5.03000020980835,170600,0.0,0.0
2023-05-18 00:00:00-04:00,5.119999885559082,6.492000102996826,5.0,6.159999847412109,118000,0.0,0.0
2023-05-19 00:00:00-04:00,6.03000020980835,6.75,5.159999847412109,5.260000228881836,119700,0.0,0.0
2023-05-22 00:00:00-04:00,5.130000114440918,5.340000152587891,5.019999980926514,5.045000076293945,15700,0.0,0.0
2023-05-23 00:00:00-04:00,4.909999847412109,4.909999847412109,4.349999904632568,4.349999904632568,23800,0.0,0.0
2023-05-24 00:00:00-04:00,4.25,4.511000156402588,4.25,4.309999942779541,22800,0.0,0.0
2023-05-25 00:00:00-04:00,4.349999904632568,4.349999904632568,4.050000190734863,4.070000171661377,26200,0.0,0.0
2023-05-26 00:00:00-04:00,4.119999885559082,4.21999979019165,4.079999923706055,4.079999923706055,9000,0.0,0.0
2023-05-30 00:00:00-04:00,4.179999828338623,4.425000190734863,4.179999828338623,4.340000152587891,19100,0.0,0.0
2023-05-31 00:00:00-04:00,4.409999847412109,4.599999904632568,4.349999904632568,4.349999904632568,14000,0.0,0.0
2023-06-01 00:00:00-04:00,4.5980000495910645,4.5980000495910645,4.349999904632568,4.349999904632568,5800,0.0,0.0
2023-06-02 00:00:00-04:00,4.420000076293945,4.690000057220459,4.349999904632568,4.349999904632568,11500,0.0,0.0
2023-06-05 00:00:00-04:00,4.349999904632568,4.639999866485596,4.269999980926514,4.329999923706055,23600,0.0,0.0
2023-06-06 00:00:00-04:00,4.349999904632568,4.570000171661377,4.289999961853027,4.559000015258789,5800,0.0,0.0
2023-06-07 00:00:00-04:00,4.550000190734863,4.550000190734863,4.400000095367432,4.482999801635742,3600,0.0,0.0
2023-06-08 00:00:00-04:00,4.46999979019165,4.46999979019165,4.261000156402588,4.360000133514404,3100,0.0,0.0
2023-06-09 00:00:00-04:00,4.449999809265137,4.449999809265137,4.349999904632568,4.349999904632568,1700,0.0,0.0
2023-06-12 00:00:00-04:00,4.349999904632568,4.574999809265137,4.349999904632568,4.349999904632568,12100,0.0,0.0
2023-06-13 00:00:00-04:00,4.630000114440918,4.64900016784668,4.360000133514404,4.539999961853027,8000,0.0,0.0
2023-06-14 00:00:00-04:00,4.480000019073486,4.5,4.260000228881836,4.5,11200,0.0,0.0
2023-06-15 00:00:00-04:00,4.295000076293945,4.829999923706055,4.295000076293945,4.619999885559082,23600,0.0,0.0
2023-06-16 00:00:00-04:00,4.716000080108643,4.744999885559082,4.369999885559082,4.539999961853027,5800,0.0,0.0
2023-06-20 00:00:00-04:00,4.449999809265137,4.579999923706055,4.340000152587891,4.579999923706055,22800,0.0,0.0
2023-06-21 00:00:00-04:00,4.579999923706055,4.659999847412109,4.260000228881836,4.550000190734863,18100,0.0,0.0
2023-06-22 00:00:00-04:00,4.53000020980835,4.53000020980835,4.304999828338623,4.349999904632568,3200,0.0,0.0
2023-06-23 00:00:00-04:00,4.360000133514404,4.5289998054504395,4.269999980926514,4.349999904632568,7400,0.0,0.0
2023-06-26 00:00:00-04:00,4.389999866485596,4.440000057220459,4.289999961853027,4.289999961853027,14200,0.0,0.0
2023-06-27 00:00:00-04:00,4.355999946594238,4.53000020980835,4.269999980926514,4.295000076293945,11600,0.0,0.0
2023-06-28 00:00:00-04:00,4.25,4.289999961853027,4.150000095367432,4.248000144958496,110100,0.0,0.0
2023-06-29 00:00:00-04:00,4.320000171661377,4.400000095367432,4.21999979019165,4.400000095367432,8700,0.0,0.0
2023-06-30 00:00:00-04:00,4.320000171661377,4.320000171661377,4.070000171661377,4.119999885559082,5900,0.0,0.0
2023-07-03 00:00:00-04:00,4.050000190734863,4.170000076293945,4.050000190734863,4.150000095367432,6100,0.0,0.0
2023-07-05 00:00:00-04:00,4.010000228881836,4.050000190734863,3.950000047683716,3.9639999866485596,4100,0.0,0.0
2023-07-06 00:00:00-04:00,3.930000066757202,3.930000066757202,3.755000114440918,3.8299999237060547,4000,0.0,0.0
2023-07-07 00:00:00-04:00,3.7179999351501465,3.819999933242798,3.6700000762939453,3.75,11100,0.0,0.0
2023-07-10 00:00:00-04:00,3.688999891281128,3.7920000553131104,3.688999891281128,3.7920000553131104,3500,0.0,0.0
2023-07-11 00:00:00-04:00,3.8540000915527344,3.869999885559082,3.75,3.8580000400543213,4900,0.0,0.0
2023-07-12 00:00:00-04:00,3.799999952316284,4.539999961853027,3.799999952316284,4.317999839782715,42000,0.0,0.0
2023-07-13 00:00:00-04:00,4.380000114440918,4.5,4.21999979019165,4.269999980926514,7100,0.0,0.0
2023-07-14 00:00:00-04:00,4.156000137329102,4.156000137329102,4.085000038146973,4.099999904632568,1700,0.0,0.0
2023-07-17 00:00:00-04:00,3.799999952316284,3.9049999713897705,3.6500000953674316,3.819999933242798,9000,0.0,0.0
2023-07-18 00:00:00-04:00,3.8499999046325684,3.868000030517578,3.8299999237060547,3.8350000381469727,1900,0.0,0.0
2023-07-19 00:00:00-04:00,3.8499999046325684,3.9600000381469727,3.5999999046325684,3.5999999046325684,2700,0.0,0.0
2023-07-20 00:00:00-04:00,3.940000057220459,3.940000057220459,3.437000036239624,3.680000066757202,4400,0.0,0.0
2023-07-21 00:00:00-04:00,3.6600000858306885,3.6600000858306885,3.5,3.5,5800,0.0,0.0
2023-07-24 00:00:00-04:00,3.6700000762939453,3.8259999752044678,3.359999895095825,3.359999895095825,4300,0.0,0.0
2023-07-25 00:00:00-04:00,3.190000057220459,3.25,3.0199999809265137,3.1600000858306885,10100,0.0,0.0
2023-07-26 00:00:00-04:00,3.11299991607666,3.11299991607666,2.9100000858306885,2.9800000190734863,15200,0.0,0.0
2023-07-27 00:00:00-04:00,2.9200000762939453,2.950000047683716,2.7669999599456787,2.869999885559082,14300,0.0,0.0
2023-07-28 00:00:00-04:00,2.819999933242798,2.9189999103546143,2.799999952316284,2.799999952316284,7500,0.0,0.0
2023-07-31 00:00:00-04:00,2.8299999237060547,3.196000099182129,2.8259999752044678,3.196000099182129,11500,0.0,0.0
2023-08-01 00:00:00-04:00,3.3399999141693115,3.619999885559082,3.299999952316284,3.299999952316284,5400,0.0,0.0
2023-08-02 00:00:00-04:00,3.130000114440918,3.490000009536743,2.8929998874664307,3.180000066757202,22800,0.0,0.0
2023-08-03 00:00:00-04:00,3.109999895095825,3.2899999618530273,3.0,3.2899999618530273,16700,0.0,0.0
2023-08-04 00:00:00-04:00,3.299999952316284,3.3299999237060547,3.25,3.3299999237060547,3400,0.0,0.0
2023-08-07 00:00:00-04:00,3.309999942779541,3.309999942779541,3.309999942779541,3.309999942779541,1600,0.0,0.0
2023-08-08 00:00:00-04:00,3.5899999141693115,3.5899999141693115,3.3299999237060547,3.4600000381469727,4400,0.0,0.0
2023-08-09 00:00:00-04:00,3.359999895095825,3.4600000381469727,3.3399999141693115,3.4600000381469727,7200,0.0,0.0
2023-08-10 00:00:00-04:00,3.4200000762939453,3.4200000762939453,3.4200000762939453,3.4200000762939453,500,0.0,0.0
2023-08-11 00:00:00-04:00,3.444999933242798,3.5799999237060547,3.444999933242798,3.559999942779541,18400,0.0,0.0
2023-08-14 00:00:00-04:00,3.5999999046325684,3.6050000190734863,3.359999895095825,3.5999999046325684,7400,0.0,0.0
2023-08-15 00:00:00-04:00,3.5999999046325684,3.890000104904175,3.5899999141693115,3.757999897003174,4700,0.0,0.0
2023-08-16 00:00:00-04:00,3.9000000953674316,3.9000000953674316,3.559999942779541,3.7300000190734863,5600,0.0,0.0
2023-08-17 00:00:00-04:00,3.890000104904175,3.890000104904175,3.5999999046325684,3.609999895095825,16000,0.0,0.0
2023-08-18 00:00:00-04:00,3.6500000953674316,3.7039999961853027,3.5929999351501465,3.7039999961853027,6500,0.0,0.0
2023-08-21 00:00:00-04:00,3.640000104904175,3.819999933242798,3.5799999237060547,3.6500000953674316,43100,0.0,0.0
2023-08-22 00:00:00-04:00,3.5799999237060547,3.75,3.4800000190734863,3.680000066757202,7200,0.0,0.0
2023-08-23 00:00:00-04:00,3.6500000953674316,3.759999990463257,3.4749999046325684,3.4749999046325684,3800,0.0,0.0
2023-08-24 00:00:00-04:00,3.490000009536743,3.700000047683716,3.4700000286102295,3.490000009536743,4800,0.0,0.0
2023-08-25 00:00:00-04:00,3.9000000953674316,3.9000000953674316,3.549999952316284,3.640000104904175,8300,0.0,0.0
2023-08-28 00:00:00-04:00,3.5199999809265137,3.674999952316284,3.4200000762939453,3.4700000286102295,10900,0.0,0.0
2023-08-29 00:00:00-04:00,3.549999952316284,3.619999885559082,3.5199999809265137,3.5199999809265137,2600,0.0,0.0
2023-08-30 00:00:00-04:00,3.5999999046325684,3.7300000190734863,3.5899999141693115,3.61299991607666,2400,0.0,0.0
2023-08-31 00:00:00-04:00,3.559999942779541,3.5999999046325684,3.325000047683716,3.5899999141693115,6200,0.0,0.0
2023-09-01 00:00:00-04:00,3.450000047683716,3.759999990463257,3.450000047683716,3.569999933242798,900,0.0,0.0
2023-09-05 00:00:00-04:00,3.492000102996826,3.6500000953674316,3.4679999351501465,3.549999952316284,3100,0.0,0.0
2023-09-06 00:00:00-04:00,3.6500000953674316,3.6500000953674316,3.609999895095825,3.609999895095825,1100,0.0,0.0
2023-09-07 00:00:00-04:00,3.5999999046325684,3.634999990463257,3.5,3.549999952316284,3700,0.0,0.0
2023-09-08 00:00:00-04:00,3.559999942779541,3.680000066757202,3.559999942779541,3.569999933242798,1800,0.0,0.0
2023-09-11 00:00:00-04:00,3.609999895095825,4.130000114440918,3.609999895095825,3.9749999046325684,40700,0.0,0.0
2023-09-12 00:00:00-04:00,4.099999904632568,4.099999904632568,3.5999999046325684,3.8299999237060547,23900,0.0,0.0
2023-09-13 00:00:00-04:00,3.861999988555908,3.9619998931884766,3.7100000381469727,3.7200000286102295,3500,0.0,0.0
2023-09-14 00:00:00-04:00,3.9000000953674316,3.9800000190734863,3.7699999809265137,3.9700000286102295,4200,0.0,0.0
2023-09-15 00:00:00-04:00,3.890000104904175,3.9100000858306885,3.6500000953674316,3.75,24400,0.0,0.0
2023-09-18 00:00:00-04:00,3.799999952316284,3.9000000953674316,3.6500000953674316,3.9000000953674316,4600,0.0,0.0
2023-09-19 00:00:00-04:00,3.75,3.759999990463257,3.75,3.75,1400,0.0,0.0
2023-09-20 00:00:00-04:00,3.7699999809265137,3.9000000953674316,3.5999999046325684,3.619999885559082,4700,0.0,0.0
2023-09-21 00:00:00-04:00,3.799999952316284,3.931999921798706,3.5299999713897705,3.7850000858306885,7700,0.0,0.0
2023-09-22 00:00:00-04:00,3.809999942779541,3.8949999809265137,3.700000047683716,3.700000047683716,3400,0.0,0.0
2023-09-25 00:00:00-04:00,3.700000047683716,3.799999952316284,3.700000047683716,3.700000047683716,5800,0.0,0.0
2023-09-26 00:00:00-04:00,3.759999990463257,3.799999952316284,3.5199999809265137,3.6500000953674316,9900,0.0,0.0
2023-09-27 00:00:00-04:00,3.509999990463257,3.6549999713897705,3.299999952316284,3.4800000190734863,14500,0.0,0.0
2023-09-28 00:00:00-04:00,3.4600000381469727,3.4600000381469727,3.299999952316284,3.3450000286102295,11200,0.0,0.0
2023-09-29 00:00:00-04:00,3.240000009536743,3.4800000190734863,3.240000009536743,3.4200000762939453,2700,0.0,0.0
2023-10-02 00:00:00-04:00,3.119999885559082,3.3499999046325684,3.119999885559082,3.3499999046325684,2400,0.0,0.0
2023-10-03 00:00:00-04:00,3.25,3.25,3.130000114440918,3.2109999656677246,8400,0.0,0.0
2023-10-04 00:00:00-04:00,3.309999942779541,3.5739998817443848,3.309999942779541,3.359999895095825,2800,0.0,0.0
2023-10-05 00:00:00-04:00,3.359999895095825,3.359999895095825,3.1600000858306885,3.1600000858306885,3900,0.0,0.0
2023-10-06 00:00:00-04:00,3.299999952316284,3.3299999237060547,3.2899999618530273,3.3299999237060547,900,0.0,0.0
2023-10-09 00:00:00-04:00,3.2300000190734863,3.4800000190734863,3.2300000190734863,3.2300000190734863,700,0.0,0.0
2023-10-10 00:00:00-04:00,3.430000066757202,4.039999961853027,3.430000066757202,3.609999895095825,12600,0.0,0.0
2023-10-11 00:00:00-04:00,3.359999895095825,3.619999885559082,3.2899999618530273,3.359999895095825,38800,0.0,0.0
2023-10-12 00:00:00-04:00,3.200000047683716,3.609999895095825,3.200000047683716,3.3499999046325684,4200,0.0,0.0
2023-10-13 00:00:00-04:00,3.190000057220459,3.7300000190734863,3.190000057220459,3.4100000858306885,10100,0.0,0.0
2023-10-16 00:00:00-04:00,3.380000114440918,3.7200000286102295,3.380000114440918,3.4000000953674316,2500,0.0,0.0
2023-10-17 00:00:00-04:00,3.390000104904175,3.5260000228881836,3.380000114440918,3.380000114440918,3700,0.0,0.0
2023-10-18 00:00:00-04:00,3.380000114440918,3.5,3.2320001125335693,3.299999952316284,12300,0.0,0.0
2023-10-19 00:00:00-04:00,3.3399999141693115,3.3399999141693115,3.240000009536743,3.240000009536743,3000,0.0,0.0
2023-10-20 00:00:00-04:00,3.240000009536743,3.240000009536743,3.240000009536743,3.240000009536743,300,0.0,0.0
2023-10-23 00:00:00-04:00,3.190000057220459,3.5899999141693115,3.190000057220459,3.2799999713897705,3100,0.0,0.0
2023-10-24 00:00:00-04:00,3.2860000133514404,3.5899999141693115,3.0,3.2100000381469727,7800,0.0,0.0
2023-10-25 00:00:00-04:00,3.240000009536743,3.240000009536743,2.9489998817443848,3.0399999618530273,2600,0.0,0.0
2023-10-26 00:00:00-04:00,3.0,3.0,3.0,3.0,200,0.0,0.0
2023-10-27 00:00:00-04:00,3.0,3.0,3.0,3.0,0,0.0,0.0
2023-10-30 00:00:00-04:00,2.7899999618530273,2.809999942779541,2.5999999046325684,2.5999999046325684,4500,0.0,0.0
2023-10-31 00:00:00-04:00,2.5999999046325684,2.5999999046325684,2.5999999046325684,2.5999999046325684,600,0.0,0.0
2023-11-01 00:00:00-04:00,2.7300000190734863,2.7300000190734863,2.3499999046325684,2.6040000915527344,2300,0.0,0.0
2023-11-02 00:00:00-04:00,2.440000057220459,2.5,2.4200000762939453,2.4700000286102295,2000,0.0,0.0
2023-11-03 00:00:00-04:00,2.359999895095825,2.359999895095825,2.2230000495910645,2.3399999141693115,2200,0.0,0.0
2023-11-06 00:00:00-05:00,2.109999895095825,2.5,2.109999895095825,2.48799991607666,1800,0.0,0.0
2023-11-07 00:00:00-05:00,2.4240000247955322,2.450000047683716,2.319999933242798,2.450000047683716,1600,0.0,0.0
2023-11-08 00:00:00-05:00,2.440000057220459,2.440000057220459,2.440000057220459,2.440000057220459,1000,0.0,0.0
2023-11-09 00:00:00-05:00,2.4700000286102295,2.5999999046325684,2.4700000286102295,2.5999999046325684,2800,0.0,0.0
2023-11-10 00:00:00-05:00,2.562000036239624,2.5899999141693115,2.1700000762939453,2.194999933242798,7400,0.0,0.0
2023-11-13 00:00:00-05:00,2.2950000762939453,2.2950000762939453,2.200000047683716,2.200000047683716,900,0.0,0.0
2023-11-14 00:00:00-05:00,2.0999999046325684,2.111999988555908,2.0,2.0,3200,0.0,0.0
2023-11-15 00:00:00-05:00,1.9800000190734863,2.171999931335449,1.909999966621399,1.909999966621399,10800,0.0,0.0
2023-11-16 00:00:00-05:00,1.9800000190734863,2.4000000953674316,1.8700000047683716,1.9800000190734863,11900,0.0,0.0
2023-11-17 00:00:00-05:00,2.0,2.109999895095825,1.8320000171661377,2.109999895095825,9200,0.0,0.0
2023-11-20 00:00:00-05:00,2.049999952316284,2.4089999198913574,2.049999952316284,2.265000104904175,3500,0.0,0.0
2023-11-21 00:00:00-05:00,1.9869999885559082,2.0999999046325684,1.9869999885559082,2.0999999046325684,500,0.0,0.0
2023-11-22 00:00:00-05:00,2.319999933242798,2.3499999046325684,2.049999952316284,2.1500000953674316,9400,0.0,0.0
2023-11-24 00:00:00-05:00,2.0,2.1700000762939453,1.9800000190734863,2.0390000343322754,5100,0.0,0.0
2023-11-27 00:00:00-05:00,2.0399999618530273,2.1600000858306885,1.8899999856948853,1.909999966621399,3900,0.0,0.0
2023-11-28 00:00:00-05:00,1.75,2.25,1.75,2.25,5200,0.0,0.0
2023-11-29 00:00:00-05:00,2.0250000953674316,2.1649999618530273,1.9600000381469727,2.0299999713897705,1600,0.0,0.0
2023-11-30 00:00:00-05:00,1.9700000286102295,2.180000066757202,1.8300000429153442,2.180000066757202,3400,0.0,0.0
2023-12-01 00:00:00-05:00,2.3299999237060547,3.2799999713897705,2.2699999809265137,2.486999988555908,72300,0.0,0.0
2023-12-04 00:00:00-05:00,2.380000114440918,2.515000104904175,2.1059999465942383,2.2699999809265137,18000,0.0,0.0
2023-12-05 00:00:00-05:00,2.2699999809265137,2.424999952316284,2.25,2.424999952316284,1500,0.0,0.0
2023-12-06 00:00:00-05:00,2.4600000381469727,2.4600000381469727,2.367000102996826,2.367000102996826,900,0.0,0.0
2023-12-07 00:00:00-05:00,2.549999952316284,2.549999952316284,2.059999942779541,2.4200000762939453,2200,0.0,0.0
2023-12-08 00:00:00-05:00,2.5199999809265137,2.5399999618530273,2.4100000858306885,2.450000047683716,6000,0.0,0.0
2023-12-11 00:00:00-05:00,2.450000047683716,2.450000047683716,2.450000047683716,2.450000047683716,300,0.0,0.0
2023-12-12 00:00:00-05:00,2.555000066757202,2.9800000190734863,2.4839999675750732,2.630000114440918,13300,0.0,0.0
2023-12-13 00:00:00-05:00,2.559999942779541,3.0999999046325684,2.450000047683716,2.8499999046325684,11700,0.0,0.0
2023-12-14 00:00:00-05:00,2.75,3.0899999141693115,2.75,2.8350000381469727,3000,0.0,0.0
2023-12-15 00:00:00-05:00,2.700000047683716,3.0,2.299999952316284,2.740000009536743,5600,0.0,0.0
2023-12-18 00:00:00-05:00,2.569999933242798,3.7100000381469727,2.5,3.7100000381469727,33000,0.0,0.0
2023-12-19 00:00:00-05:00,4.150000095367432,5.25,3.621999979019165,4.449999809265137,100400,0.0,0.0
2023-12-20 00:00:00-05:00,4.880000114440918,4.880000114440918,4.0,4.25,25200,0.0,0.0
2023-12-21 00:00:00-05:00,4.099999904632568,4.380000114440918,4.050000190734863,4.099999904632568,9700,0.0,0.0
2023-12-22 00:00:00-05:00,4.03000020980835,4.300000190734863,4.0,4.300000190734863,3300,0.0,0.0
2023-12-26 00:00:00-05:00,4.104000091552734,4.210000038146973,4.0,4.177000045776367,4200,0.0,0.0
2023-12-27 00:00:00-05:00,3.9200000762939453,4.241000175476074,3.9200000762939453,4.210000038146973,1900,0.0,0.0
2023-12-28 00:00:00-05:00,4.239999771118164,4.239999771118164,3.9070000648498535,3.9800000190734863,3300,0.0,0.0
2023-12-29 00:00:00-05:00,3.819999933242798,4.320000171661377,3.3499999046325684,3.3499999046325684,13500,0.0,0.0
2024-01-02 00:00:00-05:00,3.5,3.5,3.5,3.5,700,0.0,0.0
2024-01-03 00:00:00-05:00,3.380000114440918,3.380000114440918,3.369999885559082,3.369999885559082,900,0.0,0.0
2024-01-04 00:00:00-05:00,3.5899999141693115,4.260000228881836,3.5899999141693115,3.7200000286102295,14300,0.0,0.0
2024-01-05 00:00:00-05:00,4.300000190734863,4.300000190734863,3.369999885559082,3.6600000858306885,14500,0.0,0.0
2024-01-08 00:00:00-05:00,3.7699999809265137,3.799999952316284,3.5,3.5999999046325684,5200,0.0,0.0
2024-01-09 00:00:00-05:00,3.799999952316284,4.059000015258789,3.5,3.859999895095825,8100,0.0,0.0
2024-01-10 00:00:00-05:00,3.619999885559082,3.6700000762939453,3.559999942779541,3.6700000762939453,2800,0.0,0.0
2024-01-11 00:00:00-05:00,3.6700000762939453,3.6700000762939453,3.6700000762939453,3.6700000762939453,400,0.0,0.0
2024-01-12 00:00:00-05:00,4.0229997634887695,4.0229997634887695,3.6500000953674316,3.6500000953674316,600,0.0,0.0
2024-01-16 00:00:00-05:00,3.740000009536743,3.869999885559082,3.509999990463257,3.8299999237060547,3100,0.0,0.0
2024-01-17 00:00:00-05:00,3.799999952316284,3.799999952316284,3.799999952316284,3.799999952316284,300,0.0,0.0
2024-01-18 00:00:00-05:00,3.6649999618530273,3.6649999618530273,3.430000066757202,3.5999999046325684,2200,0.0,0.0
2024-01-19 00:00:00-05:00,3.7799999713897705,3.7799999713897705,3.5,3.575000047683716,1400,0.0,0.0
2024-01-22 00:00:00-05:00,3.5,3.549999952316284,3.450000047683716,3.4649999141693115,2400,0.0,0.0
2024-01-23 00:00:00-05:00,3.549999952316284,3.549999952316284,3.450000047683716,3.450000047683716,1200,0.0,0.0
2024-01-24 00:00:00-05:00,3.3399999141693115,3.515000104904175,3.3399999141693115,3.5,1400,0.0,0.0
2024-01-25 00:00:00-05:00,3.25,3.259999990463257,3.0299999713897705,3.0299999713897705,5100,0.0,0.0
2024-01-26 00:00:00-05:00,2.5399999618530273,3.0160000324249268,2.5399999618530273,2.930000066757202,1400,0.0,0.0
2024-01-29 00:00:00-05:00,2.809999942779541,2.930000066757202,2.7909998893737793,2.8980000019073486,1200,0.0,0.0
2024-01-30 00:00:00-05:00,2.869999885559082,2.869999885559082,2.7300000190734863,2.7799999713897705,2200,0.0,0.0
2024-01-31 00:00:00-05:00,2.799999952316284,3.0,2.799999952316284,3.0,1500,0.0,0.0
2024-02-01 00:00:00-05:00,2.859999895095825,2.944999933242798,2.859999895095825,2.944999933242798,1000,0.0,0.0
2024-02-02 00:00:00-05:00,3.0,3.0,2.7769999504089355,2.7950000762939453,3200,0.0,0.0
2024-02-05 00:00:00-05:00,2.812999963760376,2.9749999046325684,2.7899999618530273,2.819999933242798,5200,0.0,0.0
2024-02-06 00:00:00-05:00,2.6449999809265137,2.796999931335449,2.6449999809265137,2.796999931335449,800,0.0,0.0
2024-02-07 00:00:00-05:00,2.7260000705718994,2.799999952316284,2.7260000705718994,2.799999952316284,1000,0.0,0.0
2024-02-08 00:00:00-05:00,2.8399999141693115,3.940000057220459,2.7829999923706055,3.940000057220459,10000,0.0,0.0
2024-02-09 00:00:00-05:00,4.0,4.0,3.559999942779541,3.6600000858306885,3300,0.0,0.0
2024-02-12 00:00:00-05:00,3.6600000858306885,3.6600000858306885,3.6600000858306885,3.6600000858306885,300,0.0,0.0
2024-02-13 00:00:00-05:00,3.4600000381469727,3.4600000381469727,3.119999885559082,3.1649999618530273,2000,0.0,0.0
2024-02-14 00:00:00-05:00,3.055999994277954,3.055999994277954,2.880000114440918,2.880000114440918,1500,0.0,0.0
2024-02-15 00:00:00-05:00,2.8910000324249268,2.8910000324249268,2.8910000324249268,2.8910000324249268,600,0.0,0.0
2024-02-16 00:00:00-05:00,2.9000000953674316,2.9000000953674316,2.8989999294281006,2.8989999294281006,600,0.0,0.0
2024-02-20 00:00:00-05:00,2.859999895095825,2.859999895095825,2.859999895095825,2.859999895095825,1700,0.0,0.0
2024-02-21 00:00:00-05:00,2.8519999980926514,2.9110000133514404,2.8499999046325684,2.8499999046325684,1900,0.0,0.0
2024-02-22 00:00:00-05:00,2.859999895095825,3.5399999618530273,2.859999895095825,3.1500000953674316,7200,0.0,0.0
2024-02-23 00:00:00-05:00,3.700000047683716,3.700000047683716,2.859999895095825,2.9149999618530273,4000,0.0,0.0
2024-02-26 00:00:00-05:00,2.7100000381469727,3.4100000858306885,2.7100000381469727,2.9000000953674316,7700,0.0,0.0
2024-02-27 00:00:00-05:00,2.944999933242798,2.990000009536743,2.9000000953674316,2.930000066757202,4600,0.0,0.0
2024-02-28 00:00:00-05:00,3.0,3.180999994277954,2.990000009536743,3.109999895095825,4900,0.0,0.0
2024-02-29 00:00:00-05:00,3.0999999046325684,3.0999999046325684,3.0,3.0,1500,0.0,0.0
2024-03-01 00:00:00-05:00,3.1500000953674316,3.1649999618530273,3.009999990463257,3.1649999618530273,2000,0.0,0.0
2024-03-04 00:00:00-05:00,3.4240000247955322,3.440000057220459,3.068000078201294,3.200000047683716,1600,0.0,0.0
2024-03-05 00:00:00-05:00,3.0,3.0,2.8980000019073486,2.8980000019073486,1800,0.0,0.0
2024-03-06 00:00:00-05:00,2.75,2.890000104904175,2.700000047683716,2.799999952316284,2600,0.0,0.0
2024-03-07 00:00:00-05:00,2.9000000953674316,3.1480000019073486,2.9000000953674316,3.0999999046325684,1900,0.0,0.0
2024-03-08 00:00:00-05:00,3.0350000858306885,3.4100000858306885,3.0350000858306885,3.130000114440918,2000,0.0,0.0
2024-03-11 00:00:00-04:00,3.299999952316284,3.299999952316284,3.1019999980926514,3.1019999980926514,800,0.0,0.0
2024-03-12 00:00:00-04:00,2.799999952316284,3.0,2.799999952316284,3.0,1700,0.0,0.0
2024-03-13 00:00:00-04:00,3.049999952316284,3.0859999656677246,3.009999990463257,3.009999990463257,900,0.0,0.0
2024-03-14 00:00:00-04:00,3.0999999046325684,3.380000114440918,3.0999999046325684,3.359999895095825,1400,0.0,0.0
2024-03-15 00:00:00-04:00,3.359999895095825,3.359999895095825,3.0999999046325684,3.25,1000,0.0,0.0
2024-03-18 00:00:00-04:00,2.880000114440918,3.200000047683716,2.880000114440918,3.200000047683716,4100,0.0,0.0
2024-03-19 00:00:00-04:00,3.2200000286102295,3.2200000286102295,3.0999999046325684,3.0999999046325684,500,0.0,0.0
2024-03-20 00:00:00-04:00,2.9200000762939453,3.299999952316284,2.9200000762939453,3.299999952316284,1300,0.0,0.0
2024-03-21 00:00:00-04:00,3.0299999713897705,3.25,3.0299999713897705,3.200000047683716,1600,0.0,0.0
2024-03-22 00:00:00-04:00,3.2699999809265137,3.2699999809265137,3.049999952316284,3.049999952316284,500,0.0,0.0
2024-03-25 00:00:00-04:00,3.0299999713897705,3.0299999713897705,3.0299999713897705,3.0299999713897705,300,0.0,0.0
2024-03-26 00:00:00-04:00,3.0799999237060547,3.0799999237060547,3.0799999237060547,3.0799999237060547,600,0.0,0.0
2024-03-27 00:00:00-04:00,3.049999952316284,3.0829999446868896,2.9200000762939453,3.0799999237060547,1000,0.0,0.0
2024-03-28 00:00:00-04:00,3.200000047683716,3.450000047683716,3.200000047683716,3.200000047683716,18600,0.0,0.0
2024-04-01 00:00:00-04:00,3.319999933242798,3.319999933242798,3.069999933242798,3.069999933242798,1400,0.0,0.0
2024-04-02 00:00:00-04:00,3.065000057220459,3.1600000858306885,3.059999942779541,3.1600000858306885,1700,0.0,0.0
2024-04-03 00:00:00-04:00,3.1600000858306885,3.1600000858306885,3.1600000858306885,3.1600000858306885,0,0.0,0.0
2024-04-04 00:00:00-04:00,3.4700000286102295,3.9800000190734863,3.390000104904175,3.390000104904175,2900,0.0,0.0
2024-04-05 00:00:00-04:00,3.299999952316284,3.299999952316284,3.299999952316284,3.299999952316284,500,0.0,0.0
2024-04-08 00:00:00-04:00,3.200000047683716,3.200000047683716,2.9100000858306885,3.200000047683716,1400,0.0,0.0
2024-04-09 00:00:00-04:00,3.0999999046325684,3.299999952316284,3.009999990463257,3.009999990463257,22300,0.0,0.0
2024-04-10 00:00:00-04:00,3.0,3.0999999046325684,2.799999952316284,3.0999999046325684,2300,0.0,0.0
2024-04-11 00:00:00-04:00,2.9549999237060547,3.1070001125335693,2.799999952316284,3.049999952316284,4100,0.0,0.0
2024-04-12 00:00:00-04:00,3.0,3.5480000972747803,3.0,3.369999885559082,14200,0.0,0.0
2024-04-15 00:00:00-04:00,3.5,3.5,3.319999933242798,3.319999933242798,2400,0.0,0.0
2024-04-16 00:00:00-04:00,3.2799999713897705,3.4509999752044678,3.180000066757202,3.180000066757202,500,0.0,0.0
2024-04-17 00:00:00-04:00,3.4539999961853027,3.4539999961853027,3.2179999351501465,3.2179999351501465,400,0.0,0.0
2024-04-18 00:00:00-04:00,3.2179999351501465,3.2179999351501465,3.2179999351501465,3.2179999351501465,0,0.0,0.0
2024-04-19 00:00:00-04:00,3.325000047683716,3.5,3.1500000953674316,3.5,3300,0.0,0.0
2024-04-22 00:00:00-04:00,3.2100000381469727,3.2100000381469727,2.9100000858306885,3.049999952316284,3500,0.0,0.0
2024-04-23 00:00:00-04:00,3.049999952316284,3.049999952316284,3.049999952316284,3.049999952316284,0,0.0,0.0
2024-04-24 00:00:00-04:00,2.7699999809265137,2.7699999809265137,2.7699999809265137,2.7699999809265137,700,0.0,0.0
2024-04-25 00:00:00-04:00,2.869999885559082,3.0399999618530273,2.869999885559082,3.0399999618530273,400,0.0,0.0
2024-04-26 00:00:00-04:00,2.930000066757202,2.930000066757202,2.930000066757202,2.930000066757202,300,0.0,0.0
2024-04-29 00:00:00-04:00,3.0999999046325684,3.190999984741211,3.0799999237060547,3.0799999237060547,1500,0.0,0.0
2024-04-30 00:00:00-04:00,2.7699999809265137,2.8299999237060547,2.7699999809265137,2.8299999237060547,1700,0.0,0.0
2024-05-01 00:00:00-04:00,3.200000047683716,3.200000047683716,3.0399999618530273,3.0399999618530273,600,0.0,0.0
2024-05-02 00:00:00-04:00,3.0,3.0,2.799999952316284,2.819999933242798,2300,0.0,0.0
2024-05-03 00:00:00-04:00,2.799999952316284,3.130000114440918,2.700000047683716,2.9549999237060547,1700,0.0,0.0
2024-05-06 00:00:00-04:00,2.8399999141693115,2.8399999141693115,2.8399999141693115,2.8399999141693115,500,0.0,0.0
2024-05-07 00:00:00-04:00,2.9749999046325684,2.9749999046325684,2.799999952316284,2.8399999141693115,1100,0.0,0.0
2024-05-08 00:00:00-04:00,2.799999952316284,3.109999895095825,2.799999952316284,2.868000030517578,600,0.0,0.0
2024-05-09 00:00:00-04:00,3.0,3.0,3.0,3.0,500,0.0,0.0
2024-05-10 00:00:00-04:00,3.1500000953674316,3.1500000953674316,3.1500000953674316,3.1500000953674316,400,0.0,0.0
2024-05-13 00:00:00-04:00,3.1500000953674316,3.1500000953674316,3.1500000953674316,3.1500000953674316,0,0.0,0.0
2024-05-14 00:00:00-04:00,2.8499999046325684,2.880000114440918,2.8499999046325684,2.880000114440918,700,0.0,0.0
2024-05-15 00:00:00-04:00,2.880000114440918,2.880000114440918,2.880000114440918,2.880000114440918,300,0.0,0.0
2024-05-16 00:00:00-04:00,3.072000026702881,3.072000026702881,2.8499999046325684,2.8499999046325684,1100,0.0,0.0
2024-05-17 00:00:00-04:00,2.8499999046325684,2.8499999046325684,2.8499999046325684,2.8499999046325684,1400,0.0,0.0
2024-05-20 00:00:00-04:00,2.7980000972747803,2.7980000972747803,2.7980000972747803,2.7980000972747803,200,0.0,0.0
2024-05-21 00:00:00-04:00,2.7100000381469727,2.7100000381469727,2.5999999046325684,2.5999999046325684,600,0.0,0.0
2024-05-22 00:00:00-04:00,2.6700000762939453,2.9800000190734863,2.6700000762939453,2.7100000381469727,1500,0.0,0.0
2024-05-23 00:00:00-04:00,2.9600000381469727,2.9600000381469727,2.9600000381469727,2.9600000381469727,400,0.0,0.0
2024-05-24 00:00:00-04:00,2.9600000381469727,2.9600000381469727,2.9600000381469727,2.9600000381469727,0,0.0,0.0
2024-05-28 00:00:00-04:00,2.759999990463257,2.759999990463257,2.75,2.75,1000,0.0,0.0
2024-05-29 00:00:00-04:00,2.75,2.75,2.75,2.75,500,0.0,0.0
2024-05-30 00:00:00-04:00,2.9670000076293945,2.9670000076293945,2.75,2.75,600,0.0,0.0
2024-05-31 00:00:00-04:00,2.6700000762939453,2.6700000762939453,2.6700000762939453,2.6700000762939453,400,0.0,0.0
2024-06-03 00:00:00-04:00,2.7699999809265137,2.7699999809265137,2.7699999809265137,2.7699999809265137,900,0.0,0.0
2024-06-04 00:00:00-04:00,2.7699999809265137,2.7699999809265137,2.7699999809265137,2.7699999809265137,300,0.0,0.0
2024-06-05 00:00:00-04:00,2.7699999809265137,2.7699999809265137,2.7699999809265137,2.7699999809265137,0,0.0,0.0
2024-06-06 00:00:00-04:00,2.6500000953674316,2.6500000953674316,2.6500000953674316,2.6500000953674316,300,0.0,0.0
2024-06-07 00:00:00-04:00,2.6559998989105225,2.6559998989105225,2.5,2.549999952316284,1100,0.0,0.0
2024-06-10 00:00:00-04:00,2.549999952316284,2.5799999237060547,2.0,2.2669999599456787,8200,0.0,0.0
2024-06-11 00:00:00-04:00,2.2699999809265137,2.2699999809265137,2.2699999809265137,2.2699999809265137,1500,0.0,0.0
2024-06-12 00:00:00-04:00,2.2699999809265137,2.2699999809265137,2.2699999809265137,2.2699999809265137,0,0.0,0.0
2024-06-13 00:00:00-04:00,1.9600000381469727,2.109999895095825,1.9600000381469727,2.109999895095825,1400,0.0,0.0
2024-06-14 00:00:00-04:00,2.450000047683716,2.9700000286102295,2.4200000762939453,2.7160000801086426,6900,0.0,0.0
2024-06-17 00:00:00-04:00,2.740000009536743,2.950000047683716,2.7200000286102295,2.7880001068115234,8600,0.0,0.0
2024-06-18 00:00:00-04:00,2.8499999046325684,3.0899999141693115,2.180999994277954,2.2100000381469727,13600,0.0,0.0
2024-06-20 00:00:00-04:00,2.190000057220459,2.549999952316284,1.899999976158142,2.2799999713897705,29400,0.0,0.0
2024-06-21 00:00:00-04:00,2.059999942779541,2.700000047683716,1.9199999570846558,2.690000057220459,19200,0.0,0.0
2024-06-24 00:00:00-04:00,2.559999942779541,2.9200000762939453,2.5,2.869999885559082,12100,0.0,0.0
2024-06-25 00:00:00-04:00,2.759999990463257,2.819999933242798,2.2839999198913574,2.7200000286102295,2800,0.0,0.0
2024-06-26 00:00:00-04:00,2.440000057220459,2.930000066757202,2.25,2.4800000190734863,21200,0.0,0.0
2024-06-27 00:00:00-04:00,2.319999933242798,2.430000066757202,2.125,2.1500000953674316,10500,0.0,0.0
2024-06-28 00:00:00-04:00,2.200000047683716,2.299999952316284,2.1050000190734863,2.299999952316284,4400,0.0,0.0
2024-07-01 00:00:00-04:00,2.119999885559082,2.299999952316284,2.0399999618530273,2.299999952316284,4900,0.0,0.0
2024-07-02 00:00:00-04:00,2.2899999618530273,2.325000047683716,2.1600000858306885,2.325000047683716,2800,0.0,0.0
2024-07-03 00:00:00-04:00,2.319999933242798,2.4800000190734863,2.25,2.255000114440918,3600,0.0,0.0
2024-07-05 00:00:00-04:00,2.190000057220459,2.4000000953674316,2.049999952316284,2.049999952316284,3600,0.0,0.0
2024-07-08 00:00:00-04:00,2.0799999237060547,2.25,2.0799999237060547,2.25,4700,0.0,0.0
2024-07-09 00:00:00-04:00,2.299999952316284,2.3399999141693115,2.2920000553131104,2.299999952316284,1300,0.0,0.0
2024-07-10 00:00:00-04:00,2.3350000381469727,3.809999942779541,2.240000009536743,3.809999942779541,18900,0.0,0.0
2024-07-11 00:00:00-04:00,3.7799999713897705,3.940000057220459,3.200000047683716,3.380000114440918,38300,0.0,0.0
2024-07-12 00:00:00-04:00,3.430000066757202,3.680000066757202,3.309999942779541,3.319999933242798,4500,0.0,0.0
2024-07-15 00:00:00-04:00,3.2300000190734863,3.2300000190734863,2.9200000762939453,2.9200000762939453,3300,0.0,0.0
2024-07-16 00:00:00-04:00,3.0299999713897705,3.2899999618530273,2.950000047683716,2.950000047683716,1800,0.0,0.0
2024-07-17 00:00:00-04:00,2.5,3.9200000762939453,2.5,3.069999933242798,18400,0.0,0.0
2024-07-18 00:00:00-04:00,3.130000114440918,3.7300000190734863,2.9200000762939453,2.9200000762939453,5500,0.0,0.0
2024-07-19 00:00:00-04:00,2.9600000381469727,3.5199999809265137,2.7799999713897705,3.309999942779541,17500,0.0,0.0
2024-07-22 00:00:00-04:00,3.5999999046325684,3.6600000858306885,3.240000009536743,3.3499999046325684,6400,0.0,0.0
2024-07-23 00:00:00-04:00,3.2699999809265137,3.2699999809265137,3.0999999046325684,3.0999999046325684,1100,0.0,0.0
2024-07-24 00:00:00-04:00,3.259999990463257,3.5,3.119999885559082,3.2799999713897705,6700,0.0,0.0
2024-07-25 00:00:00-04:00,3.2799999713897705,3.5999999046325684,3.130000114440918,3.2899999618530273,5000,0.0,0.0
2024-07-26 00:00:00-04:00,3.309999942779541,3.609999895095825,2.990000009536743,3.119999885559082,15200,0.0,0.0
2024-07-29 00:00:00-04:00,3.140000104904175,3.3929998874664307,2.890000104904175,3.3399999141693115,8100,0.0,0.0
2024-07-30 00:00:00-04:00,3.490000009536743,3.5810000896453857,3.3949999809265137,3.3949999809265137,1300,0.0,0.0
2024-07-31 00:00:00-04:00,3.5399999618530273,3.75,3.25,3.5799999237060547,10100,0.0,0.0
2024-08-01 00:00:00-04:00,3.3499999046325684,3.3499999046325684,3.3499999046325684,3.3499999046325684,500,0.0,0.0
2024-08-02 00:00:00-04:00,3.6500000953674316,3.869999885559082,3.5950000286102295,3.869999885559082,3400,0.0,0.0
2024-08-05 00:00:00-04:00,3.6600000858306885,3.684999942779541,3.109999895095825,3.299999952316284,9300,0.0,0.0
2024-08-06 00:00:00-04:00,3.200000047683716,3.25,2.934999942779541,3.049999952316284,3200,0.0,0.0
2024-08-07 00:00:00-04:00,2.884999990463257,3.309999942779541,2.884999990463257,3.0179998874664307,6100,0.0,0.0
2024-08-08 00:00:00-04:00,3.25,3.390000104904175,2.75,3.0199999809265137,25900,0.0,0.0
2024-08-09 00:00:00-04:00,2.880000114440918,2.880000114440918,2.811000108718872,2.811000108718872,1100,0.0,0.0
2024-08-12 00:00:00-04:00,2.9600000381469727,3.0,2.9600000381469727,3.0,1100,0.0,0.0
2024-08-13 00:00:00-04:00,3.0799999237060547,3.109999895095825,3.049999952316284,3.0999999046325684,1600,0.0,0.0
2024-08-14 00:00:00-04:00,3.0999999046325684,3.0999999046325684,3.0999999046325684,3.0999999046325684,0,0.0,0.0
2024-08-15 00:00:00-04:00,2.890000104904175,2.890000104904175,2.890000104904175,2.890000104904175,600,0.0,0.0
2024-08-16 00:00:00-04:00,2.8450000286102295,2.8450000286102295,2.509999990463257,2.509999990463257,2400,0.0,0.0
2024-08-19 00:00:00-04:00,2.7699999809265137,3.0360000133514404,2.5299999713897705,2.5999999046325684,2200,0.0,0.0
2024-08-20 00:00:00-04:00,2.940000057220459,2.950000047683716,2.619999885559082,2.7799999713897705,3300,0.0,0.0
2024-08-21 00:00:00-04:00,2.7950000762939453,2.7950000762939453,2.569999933242798,2.5999999046325684,3900,0.0,0.0
2024-08-22 00:00:00-04:00,2.5999999046325684,2.5999999046325684,2.5999999046325684,2.5999999046325684,0,0.0,0.0
2024-08-23 00:00:00-04:00,3.0,3.0,2.759999990463257,2.930000066757202,700,0.0,0.0
2024-08-26 00:00:00-04:00,2.9600000381469727,2.9600000381469727,2.880000114440918,2.880000114440918,1300,0.0,0.0
2024-08-27 00:00:00-04:00,2.8299999237060547,2.8299999237060547,2.490000009536743,2.75,8700,0.0,0.0
2024-08-28 00:00:00-04:00,2.9800000190734863,3.25,2.569999933242798,2.569999933242798,8600,0.0,0.0
2024-08-29 00:00:00-04:00,2.799999952316284,3.1500000953674316,2.759999990463257,3.1500000953674316,1400,0.0,0.0
2024-08-30 00:00:00-04:00,2.930000066757202,2.930000066757202,2.930000066757202,2.930000066757202,300,0.0,0.0
2024-09-03 00:00:00-04:00,2.7699999809265137,3.0,2.7100000381469727,2.875,2500,0.0,0.0
2024-09-04 00:00:00-04:00,2.75,2.989000082015991,2.75,2.989000082015991,400,0.0,0.0
2024-09-05 00:00:00-04:00,3.1500000953674316,3.1500000953674316,2.9549999237060547,3.049999952316284,1800,0.0,0.0
2024-09-06 00:00:00-04:00,2.930000066757202,2.930000066757202,2.930000066757202,2.930000066757202,400,0.0,0.0
2024-09-09 00:00:00-04:00,2.9000000953674316,3.0999999046325684,2.8959999084472656,3.0999999046325684,3900,0.0,0.0
2024-09-10 00:00:00-04:00,2.859999895095825,2.859999895095825,2.75,2.75,2400,0.0,0.0
2024-09-11 00:00:00-04:00,2.759999990463257,3.1110000610351562,2.759999990463257,3.005000114440918,6500,0.0,0.0
2024-09-12 00:00:00-04:00,2.930000066757202,3.1619999408721924,2.9000000953674316,3.1619999408721924,1300,0.0,0.0
2024-09-13 00:00:00-04:00,2.9200000762939453,3.0,2.875,2.9000000953674316,900,0.0,0.0
2024-09-16 00:00:00-04:00,2.799999952316284,3.0,2.799999952316284,3.0,1500,0.0,0.0
2024-09-17 00:00:00-04:00,3.0,3.0250000953674316,2.8499999046325684,2.930000066757202,4000,0.0,0.0
2024-09-18 00:00:00-04:00,2.930000066757202,2.930000066757202,2.805000066757202,2.809999942779541,3500,0.0,0.0
2024-09-19 00:00:00-04:00,2.809999942779541,2.8299999237060547,2.809999942779541,2.8299999237060547,2200,0.0,0.0
2024-09-20 00:00:00-04:00,2.9049999713897705,2.950000047683716,2.809999942779541,2.930000066757202,3400,0.0,0.0
2024-09-23 00:00:00-04:00,2.9200000762939453,2.940000057220459,2.75,2.75,7900,0.0,0.0
2024-09-24 00:00:00-04:00,2.740000009536743,2.880000114440918,2.740000009536743,2.869999885559082,2100,0.0,0.0
2024-09-25 00:00:00-04:00,2.740000009536743,2.9000000953674316,2.740000009536743,2.75,6200,0.0,0.0
2024-09-26 00:00:00-04:00,2.700000047683716,2.8499999046325684,2.5,2.700000047683716,16900,0.0,0.0
2024-09-27 00:00:00-04:00,2.6500000953674316,2.746000051498413,2.509999990463257,2.615000009536743,10100,0.0,0.0
2024-09-30 00:00:00-04:00,2.7249999046325684,2.8499999046325684,2.5,2.5899999141693115,9600,0.0,0.0
2024-10-01 00:00:00-04:00,2.5199999809265137,2.5199999809265137,2.5199999809265137,2.5199999809265137,200,0.0,0.0
2024-10-02 00:00:00-04:00,2.549999952316284,2.7300000190734863,2.5,2.509999990463257,7400,0.0,0.0
2024-10-03 00:00:00-04:00,2.697999954223633,2.697999954223633,2.509999990463257,2.509999990463257,1500,0.0,0.0
2024-10-04 00:00:00-04:00,2.625,2.625,2.430000066757202,2.430000066757202,1400,0.0,0.0
2024-10-07 00:00:00-04:00,2.4000000953674316,2.7869999408721924,2.3489999771118164,2.5,21300,0.0,0.0
2024-10-08 00:00:00-04:00,2.619999885559082,2.930000066757202,2.5999999046325684,2.6500000953674316,14700,0.0,0.0
2024-10-09 00:00:00-04:00,2.6500000953674316,2.6500000953674316,2.5850000381469727,2.5999999046325684,1300,0.0,0.0
2024-10-10 00:00:00-04:00,2.5399999618530273,2.700000047683716,2.5199999809265137,2.555000066757202,8300,0.0,0.0
2024-10-11 00:00:00-04:00,2.5220000743865967,2.700000047683716,2.5220000743865967,2.5490000247955322,2600,0.0,0.0
2024-10-14 00:00:00-04:00,2.5799999237060547,2.5999999046325684,2.390000104904175,2.4000000953674316,5300,0.0,0.0
2024-10-15 00:00:00-04:00,2.5850000381469727,2.5850000381469727,2.430000066757202,2.430000066757202,600,0.0,0.0
2024-10-16 00:00:00-04:00,2.5999999046325684,2.700000047683716,2.440000057220459,2.5199999809265137,15200,0.0,0.0
2024-10-17 00:00:00-04:00,2.440000057220459,2.4749999046325684,2.2899999618530273,2.4000000953674316,28300,0.0,0.0
2024-10-18 00:00:00-04:00,2.5299999713897705,2.765000104904175,2.3499999046325684,2.5,20500,0.0,0.0
2024-10-21 00:00:00-04:00,2.3499999046325684,2.9100000858306885,2.3499999046325684,2.9100000858306885,24200,0.0,0.0
2024-10-22 00:00:00-04:00,2.990000009536743,3.0399999618530273,2.805000066757202,2.8399999141693115,12400,0.0,0.0
2024-10-23 00:00:00-04:00,2.8499999046325684,3.0,2.7100000381469727,2.869999885559082,19600,0.0,0.0
2024-10-24 00:00:00-04:00,2.8499999046325684,3.0799999237060547,2.799999952316284,3.0,9600,0.0,0.0
2024-10-25 00:00:00-04:00,3.0999999046325684,3.1740000247955322,3.0,3.0299999713897705,20300,0.0,0.0
2024-10-28 00:00:00-04:00,3.0450000762939453,3.1600000858306885,3.0450000762939453,3.1600000858306885,1300,0.0,0.0
2024-10-29 00:00:00-04:00,3.180000066757202,4.130000114440918,3.0350000858306885,3.0399999618530273,104900,0.0,0.0
2024-10-30 00:00:00-04:00,3.2699999809265137,3.4700000286102295,2.9700000286102295,3.0,62000,0.0,0.0
2024-10-31 00:00:00-04:00,3.390000104904175,3.390000104904175,2.640000104904175,2.890000104904175,53100,0.0,0.0
2024-11-01 00:00:00-04:00,3.430000066757202,3.740000009536743,2.878000020980835,2.950000047683716,124900,0.0,0.0
2024-11-04 00:00:00-05:00,2.990000009536743,3.1500000953674316,2.319999933242798,2.635999917984009,96600,0.0,0.0
2024-11-05 00:00:00-05:00,2.799999952316284,2.990000009536743,2.6419999599456787,2.7690000534057617,38000,0.0,0.0
2024-11-06 00:00:00-05:00,2.7899999618530273,2.7899999618530273,2.5999999046325684,2.5999999046325684,24400,0.0,0.0
2024-11-07 00:00:00-05:00,2.799999952316284,2.799999952316284,2.450000047683716,2.4700000286102295,14300,0.0,0.0
2024-11-08 00:00:00-05:00,2.549999952316284,2.7799999713897705,2.5,2.5299999713897705,11700,0.0,0.0
2024-11-11 00:00:00-05:00,2.759999990463257,2.759999990463257,2.4709999561309814,2.569999933242798,10400,0.0,0.0
2024-11-12 00:00:00-05:00,2.5,2.630000114440918,1.7100000381469727,1.968999981880188,71600,0.0,0.0
2024-11-13 00:00:00-05:00,1.9299999475479126,2.009999990463257,1.7699999809265137,1.7999999523162842,52400,0.0,0.0
2024-11-14 00:00:00-05:00,1.8200000524520874,1.8300000429153442,1.7100000381469727,1.7699999809265137,28100,0.0,0.0
2024-11-15 00:00:00-05:00,1.7699999809265137,3.0,1.7599999904632568,2.5799999237060547,11977000,0.0,0.0
2024-11-18 00:00:00-05:00,2.259999990463257,2.5299999713897705,2.0,2.0899999141693115,450400,0.0,0.0
2024-11-19 00:00:00-05:00,2.119999885559082,2.2200000286102295,1.7300000190734863,1.7599999904632568,114100,0.0,0.0
2024-11-20 00:00:00-05:00,1.7799999713897705,2.2699999809265137,1.7799999713897705,2.0899999141693115,139200,0.0,0.0
2024-11-21 00:00:00-05:00,1.9800000190734863,2.009999990463257,1.4199999570846558,1.4199999570846558,696900,0.0,0.0
2024-11-22 00:00:00-05:00,1.4199999570846558,1.5479999780654907,1.2699999809265137,1.4299999475479126,79600,0.0,0.0
2024-11-25 00:00:00-05:00,1.590000033378601,1.590000033378601,1.440000057220459,1.4500000476837158,109400,0.0,0.0
2024-11-26 00:00:00-05:00,1.4500000476837158,1.4700000286102295,1.3300000429153442,1.3600000143051147,155800,0.0,0.0
2024-11-27 00:00:00-05:00,2.1500000953674316,2.3399999141693115,1.7200000286102295,2.1600000858306885,29939400,0.0,0.0
2024-11-29 00:00:00-05:00,2.140000104904175,2.3299999237060547,2.0299999713897705,2.200000047683716,985100,0.0,0.0
2024-12-02 00:00:00-05:00,2.1600000858306885,2.380000114440918,2.0999999046325684,2.3399999141693115,386100,0.0,0.0
2024-12-03 00:00:00-05:00,2.200000047683716,2.259999990463257,1.5700000524520874,1.6100000143051147,376600,0.0,0.0
2024-12-04 00:00:00-05:00,5.159999847412109,9.470000267028809,4.610000133514404,6.349999904632568,141930500,0.0,0.0
2024-12-05 00:00:00-05:00,4.6620001792907715,5.699999809265137,4.550000190734863,5.320000171661377,3418700,0.0,0.0
2024-12-06 00:00:00-05:00,5.349999904632568,5.5,3.3299999237060547,3.5999999046325684,1031900,0.0,0.0
2024-12-09 00:00:00-05:00,3.7100000381469727,4.920000076293945,3.677000045776367,4.050000190734863,875200,0.0,0.0
2024-12-10 00:00:00-05:00,4.5,5.25,4.119999885559082,4.170000076293945,670000,0.0,0.0
2024-12-11 00:00:00-05:00,4.269999980926514,4.5,3.631999969482422,3.700000047683716,352200,0.0,0.0
2024-12-12 00:00:00-05:00,3.5299999713897705,3.759999990463257,3.4509999752044678,3.569999933242798,126700,0.0,0.0
2024-12-13 00:00:00-05:00,3.4700000286102295,3.559999942779541,3.109999895095825,3.430000066757202,83400,0.0,0.0
2024-12-16 00:00:00-05:00,3.259999990463257,3.7899999618530273,3.259999990463257,3.5299999713897705,186800,0.0,0.0
2024-12-17 00:00:00-05:00,3.490000009536743,3.513000011444092,3.1500000953674316,3.2799999713897705,188400,0.0,0.0
2024-12-18 00:00:00-05:00,3.2100000381469727,3.5989999771118164,2.799999952316284,2.8450000286102295,612700,0.0,0.0
2024-12-19 00:00:00-05:00,3.0,3.119999885559082,2.809999942779541,2.950000047683716,134800,0.0,0.0
2024-12-20 00:00:00-05:00,3.0299999713897705,3.430000066757202,2.8350000381469727,3.190000057220459,269600,0.0,0.0
2024-12-23 00:00:00-05:00,3.240000009536743,3.4100000858306885,3.0,3.200000047683716,251800,0.0,0.0
2024-12-24 00:00:00-05:00,3.119999885559082,3.4200000762939453,3.010999917984009,3.2899999618530273,88900,0.0,0.0
2024-12-26 00:00:00-05:00,3.2300000190734863,3.4800000190734863,3.1500000953674316,3.319999933242798,87500,0.0,0.0
2024-12-27 00:00:00-05:00,3.549999952316284,3.559999942779541,3.2100000381469727,3.299999952316284,100100,0.0,0.0
2024-12-30 00:00:00-05:00,3.180000066757202,3.6670000553131104,3.130000114440918,3.450000047683716,47700,0.0,0.0
2024-12-31 00:00:00-05:00,3.4100000858306885,3.5,3.2100000381469727,3.2200000286102295,48000,0.0,0.0
2025-01-02 00:00:00-05:00,3.1500000953674316,3.4860000610351562,3.1500000953674316,3.2899999618530273,49500,0.0,0.0
2025-01-03 00:00:00-05:00,3.2699999809265137,3.4000000953674316,3.200000047683716,3.2200000286102295,44500,0.0,0.0
2025-01-06 00:00:00-05:00,3.309999942779541,3.4660000801086426,3.069999933242798,3.140000104904175,127000,0.0,0.0
2025-01-07 00:00:00-05:00,3.1500000953674316,3.4000000953674316,3.140000104904175,3.25,66300,0.0,0.0
2025-01-08 00:00:00-05:00,3.2200000286102295,3.3510000705718994,3.0899999141693115,3.240000009536743,43900,0.0,0.0
2025-01-10 00:00:00-05:00,3.069999933242798,3.309999942779541,3.052999973297119,3.2899999618530273,34300,0.0,0.0
2025-01-13 00:00:00-05:00,3.4000000953674316,3.4000000953674316,3.059999942779541,3.2300000190734863,55400,0.0,0.0
2025-01-14 00:00:00-05:00,3.2899999618530273,3.328000068664551,2.880000114440918,2.9200000762939453,269200,0.0,0.0
2025-01-15 00:00:00-05:00,3.0,3.0999999046325684,2.9100000858306885,3.009999990463257,41500,0.0,0.0
2025-01-16 00:00:00-05:00,3.0399999618530273,3.121000051498413,2.799999952316284,2.9100000858306885,32500,0.0,0.0
2025-01-17 00:00:00-05:00,3.009999990463257,3.1989998817443848,2.924999952316284,2.990000009536743,12400,0.0,0.0
2025-01-21 00:00:00-05:00,2.9200000762939453,3.0899999141693115,2.8499999046325684,2.9000000953674316,52400,0.0,0.0
2025-01-22 00:00:00-05:00,2.809999942779541,2.990000009536743,2.809999942779541,2.950000047683716,23000,0.0,0.0
2025-01-23 00:00:00-05:00,2.990000009536743,3.0399999618530273,2.9000000953674316,2.9149999618530273,33900,0.0,0.0
2025-01-24 00:00:00-05:00,2.8499999046325684,2.9100000858306885,2.630000114440918,2.680000066757202,64200,0.0,0.0
2025-01-27 00:00:00-05:00,2.943000078201294,2.943000078201294,2.5999999046325684,2.7100000381469727,24100,0.0,0.0
2025-01-28 00:00:00-05:00,2.630000114440918,2.6500000953674316,2.3499999046325684,2.450000047683716,40700,0.0,0.0
2025-01-29 00:00:00-05:00,2.4100000858306885,2.559000015258789,2.299999952316284,2.369999885559082,8800,0.0,0.0
2025-01-30 00:00:00-05:00,2.299999952316284,2.630000114440918,2.299999952316284,2.5399999618530273,605800,0.0,0.0
2025-01-31 00:00:00-05:00,3.3399999141693115,4.46999979019165,3.0399999618530273,3.9200000762939453,82574100,0.0,0.0
2025-02-03 00:00:00-05:00,4.019999980926514,6.25,3.930000066757202,5.320000171661377,29427000,0.0,0.0
2025-02-04 00:00:00-05:00,5.510000228881836,5.547999858856201,4.170000076293945,4.190000057220459,1302400,0.0,0.0
2025-02-05 00:00:00-05:00,4.239999771118164,5.179999828338623,4.050000190734863,4.480000019073486,452000,0.0,0.0
2025-02-06 00:00:00-05:00,4.409999847412109,4.498000144958496,4.050000190734863,4.25,211200,0.0,0.0
2025-02-07 00:00:00-05:00,4.360000133514404,4.800000190734863,4.130000114440918,4.210000038146973,165900,0.0,0.0
2025-02-10 00:00:00-05:00,4.119999885559082,4.309999942779541,3.609999895095825,3.819999933242798,410500,0.0,0.0
2025-02-11 00:00:00-05:00,3.7699999809265137,3.7699999809265137,3.2300000190734863,3.240000009536743,252900,0.0,0.0
2025-02-12 00:00:00-05:00,3.1500000953674316,3.49399995803833,3.1500000953674316,3.359999895095825,230600,0.0,0.0
2025-02-13 00:00:00-05:00,3.309999942779541,3.359999895095825,2.9700000286102295,3.0299999713897705,104500,0.0,0.0
2025-02-14 00:00:00-05:00,2.890000104904175,3.2330000400543213,2.890000104904175,3.119999885559082,50800,0.0,0.0
2025-02-18 00:00:00-05:00,3.1700000762939453,3.2100000381469727,3.009999990463257,3.109999895095825,54500,0.0,0.0
2025-02-19 00:00:00-05:00,3.049999952316284,3.065000057220459,2.799999952316284,2.880000114440918,96000,0.0,0.0
2025-02-20 00:00:00-05:00,2.819999933242798,2.9000000953674316,2.630000114440918,2.7100000381469727,57000,0.0,0.0
2025-02-21 00:00:00-05:00,2.680000066757202,2.8299999237060547,2.5999999046325684,2.819999933242798,158500,0.0,0.0
2025-02-24 00:00:00-05:00,2.740000009536743,2.799999952316284,2.510999917984009,2.6700000762939453,64500,0.0,0.0
2025-02-25 00:00:00-05:00,2.690000057220459,2.7899999618530273,2.566999912261963,2.690000057220459,124100,0.0,0.0
2025-02-26 00:00:00-05:00,2.619999885559082,2.880000114440918,2.61899995803833,2.7699999809265137,102800,0.0,0.0
2025-02-27 00:00:00-05:00,2.880000114440918,2.990000009536743,2.7100000381469727,2.819999933242798,170700,0.0,0.0
2025-02-28 00:00:00-05:00,2.7699999809265137,2.880000114440918,2.630000114440918,2.6700000762939453,40800,0.0,0.0
2025-03-03 00:00:00-05:00,2.5899999141693115,2.7300000190734863,2.3499999046325684,2.4000000953674316,65500,0.0,0.0
2025-03-04 00:00:00-05:00,2.309999942779541,2.6500000953674316,2.2799999713897705,2.630000114440918,42400,0.0,0.0
2025-03-05 00:00:00-05:00,2.630000114440918,2.630000114440918,2.3399999141693115,2.4200000762939453,125500,0.0,0.0
2025-03-06 00:00:00-05:00,2.4110000133514404,2.875,2.4000000953674316,2.5999999046325684,163600,0.0,0.0
2025-03-07 00:00:00-05:00,2.690000057220459,2.9179999828338623,2.5999999046325684,2.799999952316284,69300,0.0,0.0
2025-03-10 00:00:00-04:00,2.799999952316284,2.819999933242798,2.5399999618530273,2.630000114440918,25600,0.0,0.0
2025-03-11 00:00:00-04:00,2.630000114440918,2.690000057220459,2.5309998989105225,2.565000057220459,28100,0.0,0.0
2025-03-12 00:00:00-04:00,2.509999990463257,2.6619999408721924,2.509999990463257,2.549999952316284,11300,0.0,0.0
2025-03-13 00:00:00-04:00,2.509999990463257,2.549999952316284,2.4649999141693115,2.4700000286102295,8300,0.0,0.0
2025-03-14 00:00:00-04:00,2.6500000953674316,2.6500000953674316,2.490000009536743,2.5299999713897705,7800,0.0,0.0
2025-03-17 00:00:00-04:00,2.4800000190734863,2.619999885559082,2.4600000381469727,2.549999952316284,16700,0.0,0.0
2025-03-18 00:00:00-04:00,2.5999999046325684,2.799999952316284,2.4600000381469727,2.5799999237060547,51200,0.0,0.0
2025-03-19 00:00:00-04:00,2.6600000858306885,2.6600000858306885,2.5399999618530273,2.5399999618530273,8900,0.0,0.0
2025-03-20 00:00:00-04:00,2.555000066757202,2.8350000381469727,2.5429999828338623,2.7100000381469727,17400,0.0,0.0
2025-03-21 00:00:00-04:00,2.8499999046325684,2.8499999046325684,2.697000026702881,2.75,3600,0.0,0.0
2025-03-24 00:00:00-04:00,2.819999933242798,2.8550000190734863,2.680000066757202,2.819999933242798,15000,0.0,0.0
2025-03-25 00:00:00-04:00,2.8399999141693115,2.9200000762939453,2.700000047683716,2.7200000286102295,18300,0.0,0.0
2025-03-26 00:00:00-04:00,2.809999942779541,2.809999942779541,2.509999990463257,2.569999933242798,15200,0.0,0.0
2025-03-27 00:00:00-04:00,2.5199999809265137,2.8510000705718994,2.509999990463257,2.609999895095825,6800,0.0,0.0
2025-03-28 00:00:00-04:00,2.5199999809265137,2.569999933242798,2.440000057220459,2.569999933242798,12700,0.0,0.0
2025-03-31 00:00:00-04:00,2.569999933242798,2.569999933242798,2.437999963760376,2.5,23500,0.0,0.0
2025-04-01 00:00:00-04:00,2.5,2.640000104904175,2.5,2.5399999618530273,11800,0.0,0.0
2025-04-02 00:00:00-04:00,2.640000104904175,2.680000066757202,2.5,2.609999895095825,16900,0.0,0.0
2025-04-03 00:00:00-04:00,2.609999895095825,2.6500000953674316,2.490000009536743,2.5799999237060547,23600,0.0,0.0
2025-04-04 00:00:00-04:00,2.490000009536743,2.61299991607666,2.4000000953674316,2.5,14600,0.0,0.0
2025-04-07 00:00:00-04:00,2.5899999141693115,2.5899999141693115,2.4000000953674316,2.4700000286102295,22300,0.0,0.0
2025-04-08 00:00:00-04:00,2.5199999809265137,2.688999891281128,2.4000000953674316,2.5199999809265137,9400,0.0,0.0
2025-04-09 00:00:00-04:00,2.5399999618530273,2.5399999618530273,2.4100000858306885,2.5199999809265137,8400,0.0,0.0
2025-04-10 00:00:00-04:00,2.571000099182129,2.6500000953674316,2.430000066757202,2.559999942779541,9000,0.0,0.0
2025-04-11 00:00:00-04:00,2.509999990463257,2.5999999046325684,2.509999990463257,2.559999942779541,3800,0.0,0.0
2025-04-14 00:00:00-04:00,2.5199999809265137,2.9000000953674316,2.5199999809265137,2.8499999046325684,37800,0.0,0.0
2025-04-15 00:00:00-04:00,2.7799999713897705,2.7799999713897705,2.6700000762939453,2.690000057220459,2500,0.0,0.0
2025-04-16 00:00:00-04:00,2.700000047683716,2.743000030517578,2.640000104904175,2.680000066757202,3200,0.0,0.0
2025-04-17 00:00:00-04:00,2.640000104904175,2.75,2.640000104904175,2.75,2600,0.0,0.0
2025-04-21 00:00:00-04:00,2.6500000953674316,2.7279999256134033,2.6500000953674316,2.700000047683716,2500,0.0,0.0
2025-04-22 00:00:00-04:00,2.700000047683716,2.990000009536743,2.700000047683716,2.990000009536743,20500,0.0,0.0
2025-04-23 00:00:00-04:00,2.930000066757202,2.993000030517578,2.815999984741211,2.950000047683716,5600,0.0,0.0
2025-04-24 00:00:00-04:00,2.990000009536743,3.0399999618530273,2.825000047683716,3.009999990463257,16100,0.0,0.0
2025-04-25 00:00:00-04:00,3.0399999618530273,3.25,2.9800000190734863,3.25,16700,0.0,0.0
2025-04-28 00:00:00-04:00,3.2799999713897705,3.75,3.140000104904175,3.700000047683716,50800,0.0,0.0
2025-04-29 00:00:00-04:00,3.690000057220459,3.7899999618530273,3.2799999713897705,3.3499999046325684,20800,0.0,0.0
2025-04-30 00:00:00-04:00,3.2899999618530273,3.615999937057495,3.2260000705718994,3.450000047683716,7800,0.0,0.0
2025-05-01 00:00:00-04:00,3.450000047683716,3.450000047683716,3.0989999771118164,3.299999952316284,8100,0.0,0.0
2025-05-02 00:00:00-04:00,3.140000104904175,3.450000047683716,3.065000057220459,3.1449999809265137,14700,0.0,0.0
2025-05-05 00:00:00-04:00,3.069999933242798,3.130000114440918,2.9600000381469727,2.9700000286102295,3800,0.0,0.0
2025-05-06 00:00:00-04:00,2.950000047683716,3.0999999046325684,2.819999933242798,3.009999990463257,12600,0.0,0.0
2025-05-07 00:00:00-04:00,2.994999885559082,3.440000057220459,2.994999885559082,3.430000066757202,40200,0.0,0.0
2025-05-08 00:00:00-04:00,3.3299999237060547,3.3299999237060547,3.1579999923706055,3.1579999923706055,4400,0.0,0.0
2025-05-09 00:00:00-04:00,3.119999885559082,3.440000057220459,3.119999885559082,3.2780001163482666,40400,0.0,0.0
2025-05-12 00:00:00-04:00,3.2799999713897705,3.2950000762939453,3.049999952316284,3.240000009536743,24100,0.0,0.0
2025-05-13 00:00:00-04:00,3.190000057220459,3.190000057220459,2.930000066757202,3.119999885559082,15500,0.0,0.0
2025-05-14 00:00:00-04:00,3.119999885559082,3.3369998931884766,2.8399999141693115,3.0480000972747803,9500,0.0,0.0
2025-05-15 00:00:00-04:00,3.053999900817871,3.053999900817871,2.8299999237060547,2.9179999828338623,4900,0.0,0.0
2025-05-16 00:00:00-04:00,2.9000000953674316,3.1010000705718994,2.9000000953674316,3.0399999618530273,7000,0.0,0.0
2025-05-19 00:00:00-04:00,3.0399999618530273,3.13700008392334,3.0399999618530273,3.114000082015991,4600,0.0,0.0
2025-05-20 00:00:00-04:00,3.049999952316284,3.299999952316284,3.049999952316284,3.2839999198913574,16400,0.0,0.0
2025-05-21 00:00:00-04:00,3.049999952316284,3.299999952316284,3.049999952316284,3.069999933242798,18100,0.0,0.0
2025-05-22 00:00:00-04:00,3.1449999809265137,3.2799999713897705,3.0399999618530273,3.25,32700,0.0,0.0
2025-05-23 00:00:00-04:00,3.1010000705718994,3.2699999809265137,3.1010000705718994,3.2699999809265137,3900,0.0,0.0
2025-05-27 00:00:00-04:00,3.2899999618530273,3.2899999618530273,2.7699999809265137,2.9189999103546143,56400,0.0,0.0
2025-05-28 00:00:00-04:00,2.880000114440918,2.880000114440918,2.700000047683716,2.75,22500,0.0,0.0
2025-05-29 00:00:00-04:00,2.700000047683716,2.940000057220459,2.700000047683716,2.7699999809265137,18300,0.0,0.0
2025-05-30 00:00:00-04:00,2.7100000381469727,2.950000047683716,2.7100000381469727,2.809999942779541,33800,0.0,0.0
2025-06-02 00:00:00-04:00,2.799999952316284,3.0199999809265137,2.7660000324249268,2.9600000381469727,12900,0.0,0.0
2025-06-03 00:00:00-04:00,2.8399999141693115,3.2899999618530273,2.799999952316284,3.2049999237060547,48300,0.0,0.0
2025-06-04 00:00:00-04:00,3.130000114440918,3.25,3.009999990463257,3.130000114440918,20400,0.0,0.0
2025-06-05 00:00:00-04:00,3.009999990463257,3.255000114440918,3.009999990463257,3.1700000762939453,8900,0.0,0.0
2025-06-06 00:00:00-04:00,3.190000057220459,3.194000005722046,3.0399999618530273,3.180000066757202,15100,0.0,0.0
2025-06-09 00:00:00-04:00,3.190000057220459,3.249000072479248,3.0799999237060547,3.1440000534057617,10300,0.0,0.0
2025-06-10 00:00:00-04:00,3.109999895095825,3.309000015258789,3.109999895095825,3.140000104904175,9200,0.0,0.0
2025-06-11 00:00:00-04:00,3.0899999141693115,3.197000026702881,2.940000057220459,3.009999990463257,13700,0.0,0.0
2025-06-12 00:00:00-04:00,3.130000114440918,3.184000015258789,2.9200000762939453,3.0999999046325684,16200,0.0,0.0
2025-06-13 00:00:00-04:00,2.940000057220459,3.194000005722046,2.930000066757202,3.114000082015991,9400,0.0,0.0
2025-06-16 00:00:00-04:00,3.055000066757202,3.109999895095825,3.055000066757202,3.0850000381469727,4300,0.0,0.0
2025-06-17 00:00:00-04:00,3.0199999809265137,3.130000114440918,3.0199999809265137,3.1070001125335693,12100,0.0,0.0
2025-06-18 00:00:00-04:00,3.0350000858306885,3.1500000953674316,3.0350000858306885,3.1500000953674316,3300,0.0,0.0
2025-06-20 00:00:00-04:00,3.0420000553131104,3.1640000343322754,2.950000047683716,2.950000047683716,17400,0.0,0.0
2025-06-23 00:00:00-04:00,2.930000066757202,3.140000104904175,2.880000114440918,2.880000114440918,8600,0.0,0.0
2025-06-24 00:00:00-04:00,2.869999885559082,3.0913000106811523,2.869999885559082,2.933500051498413,9077,0.0,0.0
